"CRUISE","HAUL_NO","CRUISE_HAUL","STATION","CRUISE_STATION_SWEEP","SWEEP","DEPTH_STRATA","PROBLEM","STANDARD_STATION","CTD_INDEX","HAUL_DATE","NET_IN_TIME","ustrata","ntows","diff","consec","timerange","flag"
"0002",7,"0002_7",110,"0002_110_1",1,1,0,0,18,2000-05-12 00:00:00,2000-05-12 21:13:00,3,3,0,1,1.46666666666667,0
"0002",8,"0002_8",110,"0002_110_1",1,2,0,1,18,2000-05-12 00:00:00,2000-05-12 21:49:00,3,3,0,1,1.46666666666667,0
"0002",9,"0002_9",110,"0002_110_1",1,3,0,0,18,2000-05-12 00:00:00,2000-05-12 22:41:00,3,3,0,1,1.46666666666667,0
"0002",16,"0002_16",125,"0002_125_1",1,1,0,0,33,2000-05-14 00:00:00,2000-05-14 00:21:00,3,3,0,1,1.43333333333333,0
"0002",17,"0002_17",125,"0002_125_1",1,2,0,1,33,2000-05-14 00:00:00,2000-05-14 01:00:00,3,3,0,1,1.43333333333333,0
"0002",18,"0002_18",125,"0002_125_1",1,3,0,0,33,2000-05-14 00:00:00,2000-05-14 01:47:00,3,3,0,1,1.43333333333333,0
"0002",22,"0002_22",133,"0002_133_1",1,1,0,0,46,2000-05-15 00:00:00,2000-05-15 00:36:00,3,3,0,1,1.28333333333333,0
"0002",23,"0002_23",133,"0002_133_1",1,2,0,1,46,2000-05-15 00:00:00,2000-05-15 01:09:00,3,3,0,1,1.28333333333333,0
"0002",24,"0002_24",133,"0002_133_1",1,3,0,0,46,2000-05-15 00:00:00,2000-05-15 01:53:00,3,3,0,1,1.28333333333333,0
"0002",31,"0002_31",170,"0002_170_1",1,2,0,1,69,2000-05-16 00:00:00,2000-05-16 21:00:00,3,3,0,1,1.25,0
"0002",32,"0002_32",170,"0002_170_1",1,1,0,0,69,2000-05-16 00:00:00,2000-05-16 21:38:00,3,3,0,1,1.25,0
"0002",33,"0002_33",170,"0002_170_1",1,3,0,0,69,2000-05-16 00:00:00,2000-05-16 22:15:00,3,3,0,1,1.25,0
"0002",45,"0002_45",112,"0002_112_2",2,2,0,1,84,2000-05-19 00:00:00,2000-05-19 03:10:00,2,2,0,1,0.616666666666667,0
"0002",46,"0002_46",112,"0002_112_2",2,1,0,0,84,2000-05-19 00:00:00,2000-05-19 03:47:00,2,2,0,1,0.616666666666667,0
"0002",47,"0002_47",110,"0002_110_2",2,2,0,1,94,2000-05-19 00:00:00,2000-05-19 21:11:00,2,2,0,1,0.666666666666667,0
"0002",48,"0002_48",110,"0002_110_2",2,1,0,0,94,2000-05-19 00:00:00,2000-05-19 21:51:00,2,2,0,1,0.666666666666667,0
"0002",55,"0002_55",125,"0002_125_2",2,1,0,0,110,2000-05-21 00:00:00,2000-05-21 00:14:00,3,3,0,1,1.16666666666667,0
"0002",56,"0002_56",125,"0002_125_2",2,2,0,1,110,2000-05-21 00:00:00,2000-05-21 00:48:00,3,3,0,1,1.16666666666667,0
"0002",57,"0002_57",125,"0002_125_2",2,3,0,0,110,2000-05-21 00:00:00,2000-05-21 01:24:00,3,3,0,1,1.16666666666667,0
"0002",61,"0002_61",133,"0002_133_2",2,1,0,0,123,2000-05-22 00:00:00,2000-05-22 00:31:00,3,4,1,10,48.4166666666667,1
"0002",62,"0002_62",133,"0002_133_2",2,2,0,1,123,2000-05-22 00:00:00,2000-05-22 01:06:00,3,4,1,10,48.4166666666667,1
"0002",63,"0002_63",133,"0002_133_2",2,3,0,0,123,2000-05-22 00:00:00,2000-05-22 01:41:00,3,4,1,10,48.4166666666667,1
"0002",73,"0002_73",133,"0002_133_2",2,2,0,1,NA,2000-05-24 00:00:00,2000-05-24 00:56:00,3,4,1,10,48.4166666666667,1
"0002",95,"0002_95",110,"0002_110_3",3,1,0,0,168,2000-05-31 00:00:00,2000-05-31 21:34:00,3,3,0,1,1.5,0
"0002",96,"0002_96",110,"0002_110_3",3,2,0,1,168,2000-05-31 00:00:00,2000-05-31 22:12:00,3,3,0,1,1.5,0
"0002",97,"0002_97",110,"0002_110_3",3,3,0,0,168,2000-05-31 00:00:00,2000-05-31 23:04:00,3,3,0,1,1.5,0
"0002",104,"0002_104",125,"0002_125_3",3,1,0,0,182,2000-06-01 00:00:00,2000-06-01 23:55:00,3,3,0,1,1.31666666666667,0
"0002",105,"0002_105",125,"0002_125_3",3,2,0,1,182,2000-06-02 00:00:00,2000-06-02 00:33:00,3,3,0,1,1.31666666666667,0
"0002",106,"0002_106",125,"0002_125_3",3,3,0,0,182,2000-06-02 00:00:00,2000-06-02 01:14:00,3,3,0,1,1.31666666666667,0
"0002",107,"0002_107",126,"0002_126_3",3,2,0,1,183,2000-06-02 00:00:00,2000-06-02 03:19:00,2,2,0,1,0.6,0
"0002",108,"0002_108",126,"0002_126_3",3,1,0,0,183,2000-06-02 00:00:00,2000-06-02 03:55:00,2,2,0,1,0.6,0
"0002",112,"0002_112",133,"0002_133_3",3,1,0,0,195,2000-06-03 00:00:00,2000-06-03 01:04:00,2,2,0,1,0.616666666666667,0
"0002",113,"0002_113",133,"0002_133_3",3,2,0,1,195,2000-06-03 00:00:00,2000-06-03 01:41:00,2,2,0,1,0.616666666666667,0
"0002",121,"0002_121",170,"0002_170_3",3,1,0,0,218,2000-06-04 00:00:00,2000-06-04 21:21:00,3,3,0,1,1.31666666666667,0
"0002",122,"0002_122",170,"0002_170_3",3,2,0,1,218,2000-06-04 00:00:00,2000-06-04 21:59:00,3,3,0,1,1.31666666666667,0
"0002",123,"0002_123",170,"0002_170_3",3,3,0,0,218,2000-06-04 00:00:00,2000-06-04 22:40:00,3,3,0,1,1.31666666666667,0
"0103",8,"0103_8",110,"0103_110_1",1,1,2,0,16,2001-05-12 21:04:00,2001-05-12 21:04:00,3,3,0,1,1.76666666666667,0
"0103",9,"0103_9",110,"0103_110_1",1,2,0,1,16,2001-05-12 21:54:00,2001-05-12 21:54:00,3,3,0,1,1.76666666666667,0
"0103",10,"0103_10",110,"0103_110_1",1,3,0,0,16,2001-05-12 22:50:00,2001-05-12 22:50:00,3,3,0,1,1.76666666666667,0
"0103",42,"0103_42",112,"0103_112_2",2,2,0,1,84,2001-05-19 02:39:00,2001-05-19 02:39:00,2,2,0,1,0.75,0
"0103",43,"0103_43",112,"0103_112_2",2,1,0,0,NA,2001-05-19 03:24:00,2001-05-19 03:24:00,2,2,0,1,0.75,0
"0103",45,"0103_45",110,"0103_110_2",2,1,0,0,94,2001-05-19 21:09:00,2001-05-19 21:09:00,3,3,0,1,1.58333333333333,0
"0103",46,"0103_46",110,"0103_110_2",2,2,0,1,94,2001-05-19 21:55:00,2001-05-19 21:55:00,3,3,0,1,1.58333333333333,0
"0103",47,"0103_47",110,"0103_110_2",2,3,0,0,94,2001-05-19 22:44:00,2001-05-19 22:44:00,3,3,0,1,1.58333333333333,0
"0103",69,"0103_69",170,"0103_170_2",2,1,0,0,148,2001-05-23 21:13:00,2001-05-23 21:13:00,3,3,0,1,1.68333333333333,0
"0103",70,"0103_70",170,"0103_170_2",2,2,0,1,148,2001-05-23 22:03:00,2001-05-23 22:03:00,3,3,0,1,1.68333333333333,0
"0103",71,"0103_71",170,"0103_170_2",2,3,0,0,148,2001-05-23 22:54:00,2001-05-23 22:54:00,3,3,0,1,1.68333333333333,0
"0103",92,"0103_92",112,"0103_112_3",3,2,0,1,194,2001-05-31 03:54:00,2001-05-31 03:54:00,2,2,0,1,0.683333333333333,0
"0103",93,"0103_93",112,"0103_112_3",3,1,0,0,194,2001-05-31 04:35:00,2001-05-31 04:35:00,2,2,0,1,0.683333333333333,0
"0103",94,"0103_94",110,"0103_110_3",3,1,0,0,205,2001-05-31 21:26:00,2001-05-31 21:26:00,3,3,0,1,1.45,0
"0103",95,"0103_95",110,"0103_110_3",3,2,0,1,205,2001-05-31 22:07:00,2001-05-31 22:07:00,3,3,0,1,1.45,0
"0103",96,"0103_96",110,"0103_110_3",3,3,0,0,205,2001-05-31 22:53:00,2001-05-31 22:53:00,3,3,0,1,1.45,0
"0205",11,"0205_11",110,"0205_110_1",1,1,0,0,14,2002-05-11 21:13:19,2002-05-11 21:13:19,2,2,0,1,1.01138888888889,0
"0205",12,"0205_12",110,"0205_110_1",1,2,0,1,14,2002-05-11 22:14:00,2002-05-11 22:14:00,2,2,0,1,1.01138888888889,0
"0205",41,"0205_41",110,"0205_110_2",2,1,0,0,86,2002-05-22 21:31:08,2002-05-22 21:31:08,3,3,0,1,1.80722222222222,0
"0205",42,"0205_42",110,"0205_110_2",2,2,0,1,86,2002-05-22 22:20:56,2002-05-22 22:20:56,3,3,0,1,1.80722222222222,0
"0205",43,"0205_43",110,"0205_110_2",2,3,0,0,86,2002-05-22 23:19:34,2002-05-22 23:19:34,3,3,0,1,1.80722222222222,0
"0205",75,"0205_75",110,"0205_110_3",3,1,0,0,159,2002-05-31 21:24:47,2002-05-31 21:24:47,2,3,1,1,2.01972222222222,1
"0205",76,"0205_76",110,"0205_110_3",3,2,0,1,159,2002-05-31 22:33:06,2002-05-31 22:33:06,2,3,1,1,2.01972222222222,1
"0205",77,"0205_77",110,"0205_110_3",3,1,0,0,159,2002-05-31 23:25:58,2002-05-31 23:25:58,2,3,1,1,2.01972222222222,1
"0304",39,"0304_39",110,"0304_110_2",2,3,0,0,71,2003-05-24 21:41:26,2003-05-24 21:41:26,2,2,0,1,1.38805555555556,0
"0304",40,"0304_40",110,"0304_110_2",2,2,0,1,71,2003-05-24 23:04:43,2003-05-24 23:04:43,2,2,0,1,1.38805555555556,0
"0504",28,"0504_28",110,"0504_110_NA",NA,2,0,1,38,2005-05-09 21:02:01,2005-05-09 21:02:01,3,6,3,68,697.436666666667,1
"0504",29,"0504_29",110,"0504_110_NA",NA,1,0,0,38,2005-05-09 22:04:46,2005-05-09 22:04:46,3,6,3,68,697.436666666667,1
"0504",97,"0504_97",110,"0504_110_NA",NA,3,0,0,168,2005-05-28 21:10:36,2005-05-28 21:10:36,3,6,3,68,697.436666666667,1
"0504",98,"0504_98",110,"0504_110_NA",NA,2,0,1,168,2005-05-28 22:18:17,2005-05-28 22:18:17,3,6,3,68,697.436666666667,1
"0504",135,"0504_135",110,"0504_110_NA",NA,2,0,1,221,2005-06-07 21:39:49,2005-06-07 21:39:49,3,6,3,68,697.436666666667,1
"0504",136,"0504_136",110,"0504_110_NA",NA,1,0,0,221,2005-06-07 22:28:13,2005-06-07 22:28:13,3,6,3,68,697.436666666667,1
"0603",17,"0603_17",110,"0603_110_NA",NA,2,0,1,31,2006-05-10 03:37:19,2006-05-10 03:37:19,2,6,4,88,792.716666666667,1
"0603",18,"0603_18",110,"0603_110_NA",NA,1,0,0,31,2006-05-10 04:29:32,2006-05-10 04:29:32,2,6,4,88,792.716666666667,1
"0603",47,"0603_47",110,"0603_110_NA",NA,2,0,1,93,2006-05-21 21:01:51,2006-05-21 21:01:51,2,6,4,88,792.716666666667,1
"0603",48,"0603_48",110,"0603_110_NA",NA,1,0,0,93,2006-05-21 21:42:37,2006-05-21 21:42:37,2,6,4,88,792.716666666667,1
"0603",136,"0603_136",110,"0603_110_NA",NA,1,0,0,248,2006-06-12 03:44:12,2006-06-12 03:44:12,2,6,4,88,792.716666666667,1
"0603",137,"0603_137",110,"0603_110_NA",NA,2,0,1,248,2006-06-12 04:20:19,2006-06-12 04:20:19,2,6,4,88,792.716666666667,1
"0703",6,"0703_6",110,"0703_110_NA",NA,2,0,1,12,2007-05-06 20:52:09,2007-05-06 20:52:09,2,4,2,105,649.178055555556,1
"0703",7,"0703_7",110,"0703_110_NA",NA,1,0,0,12,2007-05-06 21:43:45,2007-05-06 21:43:45,2,4,2,105,649.178055555556,1
"0703",112,"0703_112",110,"0703_110_NA",NA,2,0,1,174,2007-06-02 21:06:24,2007-06-02 21:06:24,2,4,2,105,649.178055555556,1
"0703",113,"0703_113",110,"0703_110_NA",NA,1,0,0,174,2007-06-02 22:02:50,2007-06-02 22:02:50,2,4,2,105,649.178055555556,1
"0803",28,"0803_28",441,"0803_441_NA",NA,2,0,1,45,2008-05-16 04:22:04,2008-05-16 04:22:04,2,2,0,26,312.113888888889,1
"0803",54,"0803_54",441,"0803_441_NA",NA,1,0,1,83,2008-05-29 04:28:54,2008-05-29 04:28:54,2,2,0,26,312.113888888889,1
"8303",22,"8303_22",118,"8303_118_1",1,3,0,0,NA,1983-06-14 00:00:00,1983-06-14 00:28:00,2,2,0,1,1.18333333333333,0
"8303",23,"8303_23",118,"8303_118_1",1,2,0,1,NA,1983-06-14 00:00:00,1983-06-14 01:39:00,2,2,0,1,1.18333333333333,0
"8303",31,"8303_31",125,"8303_125_1",1,2,0,1,NA,1983-06-15 00:00:00,1983-06-15 01:21:00,2,2,0,1,1.01666666666667,0
"8303",32,"8303_32",125,"8303_125_1",1,3,0,0,NA,1983-06-15 00:00:00,1983-06-15 02:22:00,2,2,0,1,1.01666666666667,0
"8303",38,"8303_38",132,"8303_132_1",1,2,0,1,NA,1983-06-15 00:00:00,1983-06-15 23:47:00,3,3,0,2,4.75,1
"8303",40,"8303_40",132,"8303_132_1",1,3,0,0,NA,1983-06-16 00:00:00,1983-06-16 03:25:00,3,3,0,2,4.75,1
"8303",41,"8303_41",132,"8303_132_1",1,1,0,0,NA,1983-06-16 00:00:00,1983-06-16 04:32:00,3,3,0,2,4.75,1
"8406",5,"8406_5",125,"8406_125_1",1,2,0,1,NA,1984-06-13 00:00:00,1984-06-13 00:05:00,2,2,0,1,1.08333333333333,0
"8406",6,"8406_6",125,"8406_125_1",1,3,0,0,NA,1984-06-13 00:00:00,1984-06-13 01:10:00,2,2,0,1,1.08333333333333,0
"8406",30,"8406_30",103,"8406_103_1",1,1,0,0,NA,1984-06-14 00:00:00,1984-06-14 22:42:00,2,2,0,1,0.75,0
"8406",31,"8406_31",103,"8406_103_1",1,2,0,1,NA,1984-06-14 00:00:00,1984-06-14 23:27:00,2,2,0,1,0.75,0
"8406",33,"8406_33",106,"8406_106_1",1,2,0,1,NA,1984-06-15 00:00:00,1984-06-15 02:30:00,2,2,0,1,1,0
"8406",34,"8406_34",106,"8406_106_1",1,3,0,0,NA,1984-06-15 00:00:00,1984-06-15 03:30:00,2,2,0,1,1,0
"8406",39,"8406_39",110,"8406_110_1",1,3,0,0,NA,1984-06-15 00:00:00,1984-06-15 21:11:00,2,2,0,1,1.16666666666667,0
"8406",40,"8406_40",110,"8406_110_1",1,2,0,1,NA,1984-06-15 00:00:00,1984-06-15 22:21:00,2,2,0,1,1.16666666666667,0
"8406",66,"8406_66",171,"8406_171_1",1,2,0,1,NA,1984-06-22 00:00:00,1984-06-22 21:00:00,2,2,0,1,1.05,0
"8406",67,"8406_67",171,"8406_171_1",1,3,0,0,NA,1984-06-22 00:00:00,1984-06-22 22:03:00,2,2,0,1,1.05,0
"8505",3,"8505_3",126,"8505_126_1",1,2,0,1,NA,1985-06-05 00:00:00,1985-06-05 22:45:00,2,2,0,1,0.916666666666667,0
"8505",4,"8505_4",126,"8505_126_1",1,1,0,0,NA,1985-06-05 00:00:00,1985-06-05 23:40:00,2,2,0,1,0.916666666666667,0
"8505",10,"8505_10",105,"8505_105_1",1,2,0,1,NA,1985-06-06 00:00:00,1985-06-06 21:07:00,3,3,0,10,29.9833333333333,1
"8505",11,"8505_11",106,"8505_106_1",1,1,0,0,NA,1985-06-06 00:00:00,1985-06-06 22:35:00,3,3,0,1,1.8,0
"8505",12,"8505_12",106,"8505_106_1",1,2,0,1,NA,1985-06-06 00:00:00,1985-06-06 23:28:00,3,3,0,1,1.8,0
"8505",13,"8505_13",106,"8505_106_1",1,3,0,0,NA,1985-06-07 00:00:00,1985-06-07 00:23:00,3,3,0,1,1.8,0
"8505",20,"8505_20",105,"8505_105_1",1,3,0,0,NA,1985-06-08 00:00:00,1985-06-08 01:50:00,3,3,0,10,29.9833333333333,1
"8505",21,"8505_21",105,"8505_105_1",1,1,0,0,NA,1985-06-08 00:00:00,1985-06-08 03:06:00,3,3,0,10,29.9833333333333,1
"8505",43,"8505_43",125,"8505_125_1",1,2,0,1,NA,1985-06-11 00:00:00,1985-06-11 01:28:00,2,2,0,1,0.95,0
"8505",44,"8505_44",125,"8505_125_1",1,1,0,0,NA,1985-06-11 00:00:00,1985-06-11 02:25:00,2,2,0,1,0.95,0
"8505",50,"8505_50",133,"8505_133_1",1,2,0,1,NA,1985-06-12 00:00:00,1985-06-12 00:31:00,3,3,0,1,2.65,1
"8505",51,"8505_51",133,"8505_133_1",1,3,0,0,NA,1985-06-12 00:00:00,1985-06-12 01:32:00,3,3,0,1,2.65,1
"8505",52,"8505_52",133,"8505_133_1",1,1,0,0,NA,1985-06-12 00:00:00,1985-06-12 03:10:00,3,3,0,1,2.65,1
"8505",54,"8505_54",148,"8505_148_1",1,1,0,0,NA,1985-06-12 00:00:00,1985-06-12 21:05:00,3,3,0,1,2,0
"8505",55,"8505_55",148,"8505_148_1",1,2,0,1,NA,1985-06-12 00:00:00,1985-06-12 22:02:00,3,3,0,1,2,0
"8505",56,"8505_56",148,"8505_148_1",1,3,0,0,NA,1985-06-12 00:00:00,1985-06-12 23:05:00,3,3,0,1,2,0
"8505",65,"8505_65",153,"8505_153_1",1,1,0,0,NA,1985-06-16 00:00:00,1985-06-16 23:34:00,3,3,0,1,1.68333333333333,0
"8505",66,"8505_66",153,"8505_153_1",1,2,0,1,NA,1985-06-17 00:00:00,1985-06-17 00:16:00,3,3,0,1,1.68333333333333,0
"8505",67,"8505_67",153,"8505_153_1",1,3,0,0,NA,1985-06-17 00:00:00,1985-06-17 01:15:00,3,3,0,1,1.68333333333333,0
"8505",77,"8505_77",161,"8505_161_1",1,1,0,0,NA,1985-06-18 00:00:00,1985-06-18 22:12:00,3,3,0,1,1.76666666666667,0
"8505",78,"8505_78",161,"8505_161_1",1,2,0,1,NA,1985-06-18 00:00:00,1985-06-18 22:59:00,3,3,0,1,1.76666666666667,0
"8505",79,"8505_79",161,"8505_161_1",1,3,0,0,NA,1985-06-18 00:00:00,1985-06-18 23:58:00,3,3,0,1,1.76666666666667,0
"8505",94,"8505_94",177,"8505_177_1",1,2,0,1,NA,1985-06-20 00:00:00,1985-06-20 21:23:00,3,3,0,1,1.91666666666667,0
"8505",95,"8505_95",177,"8505_177_1",1,1,0,0,NA,1985-06-20 00:00:00,1985-06-20 22:22:00,3,3,0,1,1.91666666666667,0
"8505",96,"8505_96",177,"8505_177_1",1,3,0,0,NA,1985-06-20 00:00:00,1985-06-20 23:18:00,3,3,0,1,1.91666666666667,0
"8505",105,"8505_105",172,"8505_172_1",1,2,0,1,NA,1985-06-21 00:00:00,1985-06-21 22:38:00,3,3,0,1,23.3833333333333,1
"8505",106,"8505_106",172,"8505_172_1",1,1,0,0,NA,1985-06-21 00:00:00,1985-06-21 23:23:00,3,3,0,1,23.3833333333333,1
"8505",107,"8505_107",172,"8505_172_1",1,3,0,0,NA,1985-06-22 00:00:00,1985-06-21 00:00:00,3,3,0,1,23.3833333333333,1
"8505",119,"8505_119",197,"8505_197_1",1,2,0,1,NA,1985-06-23 00:00:00,1985-06-23 01:20:00,3,3,0,1,1.83333333333333,0
"8505",120,"8505_120",197,"8505_197_1",1,3,0,0,NA,1985-06-23 00:00:00,1985-06-23 02:12:00,3,3,0,1,1.83333333333333,0
"8505",121,"8505_121",197,"8505_197_1",1,1,0,0,NA,1985-06-23 00:00:00,1985-06-23 03:10:00,3,3,0,1,1.83333333333333,0
"8505",130,"8505_130",204,"8505_204_1",1,2,0,1,NA,1985-06-26 00:00:00,1985-06-26 00:15:00,2,2,0,1,1.08333333333333,0
"8505",131,"8505_131",204,"8505_204_1",1,3,0,0,NA,1985-06-26 00:00:00,1985-06-26 01:20:00,2,2,0,1,1.08333333333333,0
"8608",11,"8608_11",133,"8608_133_1",1,2,0,1,NA,1986-06-05 00:00:00,1986-06-05 01:20:00,2,2,0,1,0.933333333333333,0
"8608",12,"8608_12",133,"8608_133_1",1,3,2,0,NA,1986-06-05 00:00:00,1986-06-05 02:16:00,2,2,0,1,0.933333333333333,0
"8608",18,"8608_18",125,"8608_125_1",1,2,0,1,NA,1986-06-06 00:00:00,1986-06-06 00:04:00,2,2,0,1,0.95,0
"8608",19,"8608_19",125,"8608_125_1",1,3,0,0,NA,1986-06-06 00:00:00,1986-06-06 01:01:00,2,2,0,1,0.95,0
"8608",22,"8608_22",112,"8608_112_1",1,1,0,0,NA,1986-06-06 00:00:00,1986-06-06 21:10:00,2,2,0,1,0.916666666666667,0
"8608",23,"8608_23",112,"8608_112_1",1,2,0,1,NA,1986-06-06 00:00:00,1986-06-06 22:05:00,2,2,0,1,0.916666666666667,0
"8608",38,"8608_38",171,"8608_171_1",1,2,0,1,NA,1986-06-09 00:00:00,1986-06-09 21:08:00,2,2,0,1,1.03333333333333,0
"8608",39,"8608_39",171,"8608_171_1",1,3,0,0,NA,1986-06-09 00:00:00,1986-06-09 22:10:00,2,2,0,1,1.03333333333333,0
"8608",43,"8608_43",170,"8608_170_1",1,1,0,0,NA,1986-06-10 00:00:00,1986-06-10 21:10:00,2,2,0,1,0.916666666666667,0
"8608",44,"8608_44",170,"8608_170_1",1,3,0,0,NA,1986-06-10 00:00:00,1986-06-10 22:05:00,2,2,0,1,0.916666666666667,0
"8608",65,"8608_65",112,"8608_112_2",2,2,0,1,NA,1986-06-14 00:00:00,1986-06-14 22:49:00,2,2,0,1,0.966666666666667,0
"8608",66,"8608_66",112,"8608_112_2",2,1,0,0,NA,1986-06-14 00:00:00,1986-06-14 23:47:00,2,2,0,1,0.966666666666667,0
"8608",74,"8608_74",125,"8608_125_2",2,2,0,1,NA,1986-06-16 00:00:00,1986-06-16 00:39:00,2,2,0,1,0.9,0
"8608",75,"8608_75",125,"8608_125_2",2,3,0,0,NA,1986-06-16 00:00:00,1986-06-16 01:33:00,2,2,0,1,0.9,0
"8608",78,"8608_78",110,"8608_110_2",2,2,0,1,NA,1986-06-16 00:00:00,1986-06-16 21:12:00,2,2,0,1,1.01666666666667,0
"8608",79,"8608_79",110,"8608_110_2",2,3,0,0,NA,1986-06-16 00:00:00,1986-06-16 22:13:00,2,2,0,1,1.01666666666667,0
"8608",110,"8608_110",110,"8608_110_3",3,2,0,1,NA,1986-06-23 00:00:00,1986-06-23 01:59:00,2,2,0,1,0.683333333333333,0
"8608",111,"8608_111",110,"8608_110_3",3,3,0,0,NA,1986-06-23 00:00:00,1986-06-23 02:40:00,2,2,0,1,0.683333333333333,0
"8703",16,"8703_16",170,"8703_170_1",1,2,0,1,NA,1987-04-13 00:00:00,1987-04-13 01:15:00,3,3,0,1,1.21666666666667,0
"8703",17,"8703_17",170,"8703_170_1",1,1,0,0,NA,1987-04-13 00:00:00,1987-04-13 01:58:00,3,3,0,1,1.21666666666667,0
"8703",18,"8703_18",170,"8703_170_1",1,3,0,0,NA,1987-04-13 00:00:00,1987-04-13 02:28:00,3,3,0,1,1.21666666666667,0
"8703",25,"8703_25",160,"8703_160_1",1,2,0,1,65,1987-04-14 00:00:00,1987-04-14 01:26:00,2,2,0,1,1.06666666666667,0
"8703",26,"8703_26",160,"8703_160_1",1,1,0,0,65,1987-04-14 00:00:00,1987-04-14 02:30:00,2,2,0,1,1.06666666666667,0
"8703",27,"8703_27",162,"8703_162_1",1,2,0,1,66,1987-04-14 00:00:00,1987-04-14 04:11:00,2,2,0,1,0.75,0
"8703",28,"8703_28",162,"8703_162_1",1,3,0,0,66,1987-04-14 00:00:00,1987-04-14 04:56:00,2,2,0,1,0.75,0
"8703",40,"8703_40",133,"8703_133_1",1,1,0,0,103,1987-04-15 00:00:00,1987-04-15 22:47:00,3,3,0,1,1.55,0
"8703",41,"8703_41",133,"8703_133_1",1,3,0,0,103,1987-04-15 00:00:00,1987-04-15 23:36:00,3,3,0,1,1.55,0
"8703",42,"8703_42",133,"8703_133_1",1,2,0,1,103,1987-04-16 00:00:00,1987-04-16 00:20:00,3,3,0,1,1.55,0
"8703",50,"8703_50",125,"8703_125_1",1,2,0,1,NA,1987-04-17 00:00:00,1987-04-17 00:04:00,2,2,0,1,0.683333333333333,0
"8703",51,"8703_51",125,"8703_125_1",1,3,0,0,NA,1987-04-17 00:00:00,1987-04-17 00:45:00,2,2,0,1,0.683333333333333,0
"8703",52,"8703_52",126,"8703_126_1",1,2,0,1,118,1987-04-17 00:00:00,1987-04-17 02:38:00,3,3,0,1,1.43333333333333,0
"8703",53,"8703_53",126,"8703_126_1",1,1,0,0,118,1987-04-17 00:00:00,1987-04-17 03:19:00,3,3,0,1,1.43333333333333,0
"8703",54,"8703_54",126,"8703_126_1",1,3,0,0,118,1987-04-17 00:00:00,1987-04-17 04:04:00,3,3,0,1,1.43333333333333,0
"8703",61,"8703_61",110,"8703_110_1",1,1,0,0,137,1987-04-18 00:00:00,1987-04-18 01:49:00,3,3,0,1,1.33333333333333,0
"8703",62,"8703_62",110,"8703_110_1",1,2,0,1,137,1987-04-18 00:00:00,1987-04-18 02:26:00,3,3,0,1,1.33333333333333,0
"8703",63,"8703_63",110,"8703_110_1",1,3,0,0,137,1987-04-18 00:00:00,1987-04-18 03:09:00,3,3,0,1,1.33333333333333,0
"8703",65,"8703_65",112,"8703_112_1",1,1,0,0,NA,1987-04-19 00:00:00,1987-04-19 20:20:00,2,2,0,1,0.666666666666667,0
"8703",66,"8703_66",112,"8703_112_1",1,2,0,1,NA,1987-04-19 00:00:00,1987-04-19 21:00:00,2,2,0,1,0.666666666666667,0
"8705",11,"8705_11",125,"8705_125_1",1,1,0,0,28,1987-05-25 00:00:00,1987-05-25 00:14:00,2,2,0,1,0.9,0
"8705",12,"8705_12",125,"8705_125_1",1,2,0,1,28,1987-05-25 00:00:00,1987-05-25 01:08:00,2,2,0,1,0.9,0
"8705",19,"8705_19",110,"8705_110_1",1,2,0,1,NA,1987-05-26 00:00:00,1987-05-26 01:56:00,3,3,0,1,1.66666666666667,0
"8705",20,"8705_20",110,"8705_110_1",1,3,0,0,NA,1987-05-26 00:00:00,1987-05-26 02:45:00,3,3,0,1,1.66666666666667,0
"8705",21,"8705_21",110,"8705_110_1",1,1,2,0,NA,1987-05-26 00:00:00,1987-05-26 03:36:00,3,3,0,1,1.66666666666667,0
"8705",27,"8705_27",133,"8705_133_1",1,2,0,1,52,1987-05-27 00:00:00,1987-05-27 04:18:00,3,3,0,3,17.5333333333333,1
"8705",30,"8705_30",133,"8705_133_1",1,3,0,0,62,1987-05-27 00:00:00,1987-05-27 20:50:00,3,3,0,3,17.5333333333333,1
"8705",31,"8705_31",133,"8705_133_1",1,1,0,0,62,1987-05-27 00:00:00,1987-05-27 21:50:00,3,3,0,3,17.5333333333333,1
"8705",46,"8705_46",170,"8705_170_1",1,2,0,1,90,1987-05-29 00:00:00,1987-05-29 21:41:00,3,3,0,1,1.65,0
"8705",47,"8705_47",170,"8705_170_1",1,3,0,0,90,1987-05-29 00:00:00,1987-05-29 22:27:00,3,3,0,1,1.65,0
"8705",48,"8705_48",170,"8705_170_1",1,1,0,0,90,1987-05-29 00:00:00,1987-05-29 23:20:00,3,3,0,1,1.65,0
"8705",54,"8705_54",162,"8705_162_1",1,2,0,1,101,1987-05-30 00:00:00,1987-05-30 21:02:00,2,2,0,1,0.8,0
"8705",55,"8705_55",162,"8705_162_1",1,1,0,0,101,1987-05-30 00:00:00,1987-05-30 21:50:00,2,2,0,1,0.8,0
"8705",59,"8705_59",152,"8705_152_1",1,2,0,1,105,1987-05-31 00:00:00,1987-05-31 04:01:00,2,2,0,2,41.2166666666667,1
"8705",61,"8705_61",152,"8705_152_1",1,3,0,0,NA,1987-06-01 00:00:00,1987-06-01 21:14:00,2,2,0,2,41.2166666666667,1
"8705",65,"8705_65",125,"8705_125_2",2,2,0,1,121,1987-06-02 00:00:00,1987-06-02 22:15:00,3,3,0,1,1.43333333333333,0
"8705",66,"8705_66",125,"8705_125_2",2,1,2,0,121,1987-06-02 00:00:00,1987-06-02 22:59:00,3,3,0,1,1.43333333333333,0
"8705",67,"8705_67",125,"8705_125_2",2,3,0,0,121,1987-06-02 00:00:00,1987-06-02 23:41:00,3,3,0,1,1.43333333333333,0
"8705",78,"8705_78",112,"8705_112_2",2,1,0,0,142,1987-06-04 00:00:00,1987-06-04 02:05:00,2,2,0,1,0.6,0
"8705",79,"8705_79",112,"8705_112_2",2,2,0,1,142,1987-06-04 00:00:00,1987-06-04 02:41:00,2,2,0,1,0.6,0
"8705",82,"8705_82",110,"8705_110_2",2,1,0,0,155,1987-06-04 00:00:00,1987-06-04 20:50:00,3,3,0,1,1.11666666666667,0
"8705",83,"8705_83",110,"8705_110_2",2,2,0,1,155,1987-06-04 00:00:00,1987-06-04 21:24:00,3,3,0,1,1.11666666666667,0
"8705",84,"8705_84",110,"8705_110_2",2,3,0,0,155,1987-06-04 00:00:00,1987-06-04 21:57:00,3,3,0,1,1.11666666666667,0
"8705",94,"8705_94",133,"8705_133_2",2,1,0,0,169,1987-06-06 00:00:00,1987-06-06 00:35:00,3,3,0,1,1.23333333333333,0
"8705",95,"8705_95",133,"8705_133_2",2,2,0,1,169,1987-06-06 00:00:00,1987-06-06 01:12:00,3,3,0,1,1.23333333333333,0
"8705",96,"8705_96",133,"8705_133_2",2,3,0,0,169,1987-06-06 00:00:00,1987-06-06 01:49:00,3,3,0,1,1.23333333333333,0
"8705",104,"8705_104",170,"8705_170_2",2,1,0,0,182,1987-06-07 00:00:00,1987-06-07 01:39:00,3,3,0,1,1.35,0
"8705",105,"8705_105",170,"8705_170_2",2,2,0,1,182,1987-06-07 00:00:00,1987-06-07 02:19:00,3,3,0,1,1.35,0
"8705",106,"8705_106",170,"8705_170_2",2,3,0,0,182,1987-06-07 00:00:00,1987-06-07 03:00:00,3,3,0,1,1.35,0
"8705",115,"8705_115",162,"8705_162_2",2,1,0,0,193,1987-06-08 00:00:00,1987-06-08 03:10:00,2,2,0,1,0.65,0
"8705",116,"8705_116",162,"8705_162_2",2,2,0,1,193,1987-06-08 00:00:00,1987-06-08 03:49:00,2,2,0,1,0.65,0
"8705",126,"8705_126",152,"8705_152_2",2,1,0,0,218,1987-06-10 00:00:00,1987-06-10 23:59:00,3,4,1,3,3.43333333333333,1
"8705",127,"8705_127",152,"8705_152_2",2,2,0,1,218,1987-06-11 00:00:00,1987-06-11 00:38:00,3,4,1,3,3.43333333333333,1
"8705",128,"8705_128",152,"8705_152_2",2,3,0,0,218,1987-06-11 00:00:00,1987-06-11 01:19:00,3,4,1,3,3.43333333333333,1
"8705",131,"8705_131",152,"8705_152_2",2,1,0,0,218,1987-06-11 00:00:00,1987-06-11 03:25:00,3,4,1,3,3.43333333333333,1
"8705",146,"8705_146",125,"8705_125_3",3,1,0,0,252,1987-06-12 00:00:00,1987-06-12 23:10:00,3,3,0,1,1.15,0
"8705",147,"8705_147",125,"8705_125_3",3,2,0,1,252,1987-06-12 00:00:00,1987-06-12 23:43:00,3,3,0,1,1.15,0
"8705",148,"8705_148",125,"8705_125_3",3,3,0,0,252,1987-06-13 00:00:00,1987-06-13 00:19:00,3,3,0,1,1.15,0
"8705",157,"8705_157",112,"8705_112_3",3,1,0,0,273,1987-06-14 00:00:00,1987-06-14 02:27:00,2,2,0,1,0.666666666666667,0
"8705",158,"8705_158",112,"8705_112_3",3,2,0,1,273,1987-06-14 00:00:00,1987-06-14 03:07:00,2,2,0,1,0.666666666666667,0
"8705",161,"8705_161",110,"8705_110_3",3,1,0,0,286,1987-06-14 00:00:00,1987-06-14 21:00:00,3,3,0,1,1.08333333333333,0
"8705",162,"8705_162",110,"8705_110_3",3,2,0,1,286,1987-06-14 00:00:00,1987-06-14 21:32:00,3,3,0,1,1.08333333333333,0
"8705",163,"8705_163",110,"8705_110_3",3,3,0,0,286,1987-06-14 00:00:00,1987-06-14 22:05:00,3,3,0,1,1.08333333333333,0
"8705",174,"8705_174",133,"8705_133_3",3,1,0,0,301,1987-06-16 00:00:00,1987-06-16 00:13:00,3,3,0,1,1.1,0
"8705",175,"8705_175",133,"8705_133_3",3,2,0,1,301,1987-06-16 00:00:00,1987-06-16 00:44:00,3,3,0,1,1.1,0
"8705",176,"8705_176",133,"8705_133_3",3,3,0,0,301,1987-06-16 00:00:00,1987-06-16 01:19:00,3,3,0,1,1.1,0
"8705",185,"8705_185",170,"8705_170_3",3,1,0,0,323,1987-06-18 00:00:00,1987-06-18 21:30:00,3,3,0,1,1.56666666666667,0
"8705",186,"8705_186",170,"8705_170_3",3,2,0,1,323,1987-06-18 00:00:00,1987-06-18 22:18:00,3,3,0,1,1.56666666666667,0
"8705",187,"8705_187",170,"8705_170_3",3,3,0,0,323,1987-06-18 00:00:00,1987-06-18 23:04:00,3,3,0,1,1.56666666666667,0
"8705",195,"8705_195",152,"8705_152_3",3,1,0,1,340,1987-06-20 00:00:00,1987-06-20 00:46:00,2,2,0,1,0.516666666666667,0
"8705",196,"8705_196",152,"8705_152_3",3,2,0,1,340,1987-06-20 00:00:00,1987-06-20 01:17:00,2,2,0,1,0.516666666666667,0
"8705",205,"8705_205",162,"8705_162_3",3,1,0,0,NA,1987-06-21 00:00:00,1987-06-21 03:23:00,2,2,0,1,0.516666666666667,0
"8705",206,"8705_206",162,"8705_162_3",3,2,0,1,NA,1987-06-21 00:00:00,1987-06-21 03:54:00,2,2,0,1,0.516666666666667,0
"8804",6,"8804_6",112,"8804_112_1",1,1,0,0,14,1988-04-17 00:00:00,1988-04-17 02:54:00,2,2,0,1,0.883333333333333,0
"8804",7,"8804_7",112,"8804_112_1",1,2,0,1,14,1988-04-17 00:00:00,1988-04-17 03:47:00,2,2,0,1,0.883333333333333,0
"8804",17,"8804_17",110,"8804_110_1",1,1,0,0,23,1988-04-17 00:00:00,1988-04-17 20:00:00,3,3,0,1,1.86666666666667,0
"8804",18,"8804_18",110,"8804_110_1",1,3,0,0,23,1988-04-17 00:00:00,1988-04-17 20:51:00,3,3,0,1,1.86666666666667,0
"8804",19,"8804_19",110,"8804_110_1",1,2,0,1,23,1988-04-17 00:00:00,1988-04-17 21:52:00,3,3,0,1,1.86666666666667,0
"8804",28,"8804_28",125,"8804_125_1",1,1,0,0,42,1988-04-19 00:00:00,1988-04-19 00:32:00,3,3,0,1,2.05,1
"8804",29,"8804_29",125,"8804_125_1",1,2,0,1,42,1988-04-19 00:00:00,1988-04-19 01:31:00,3,3,0,1,2.05,1
"8804",30,"8804_30",125,"8804_125_1",1,3,0,0,42,1988-04-19 00:00:00,1988-04-19 02:35:00,3,3,0,1,2.05,1
"8804",36,"8804_36",133,"8804_133_1",1,1,0,0,59,1988-04-20 00:00:00,1988-04-20 00:10:00,3,3,0,1,1.43333333333333,0
"8804",37,"8804_37",133,"8804_133_1",1,2,0,1,59,1988-04-20 00:00:00,1988-04-20 00:52:00,3,3,0,1,1.43333333333333,0
"8804",38,"8804_38",133,"8804_133_1",1,3,0,0,59,1988-04-20 00:00:00,1988-04-20 01:36:00,3,3,0,1,1.43333333333333,0
"8804",45,"8804_45",162,"8804_162_1",1,1,0,0,74,1988-04-21 00:00:00,1988-04-21 03:18:00,2,2,0,1,0.933333333333333,0
"8804",46,"8804_46",162,"8804_162_1",1,2,0,1,74,1988-04-21 00:00:00,1988-04-21 04:14:00,2,2,0,1,0.933333333333333,0
"8806",6,"8806_6",112,"8806_112_1",1,1,0,0,10,1988-05-23 00:00:00,1988-05-23 02:44:00,2,2,0,1,0.816666666666667,0
"8806",7,"8806_7",112,"8806_112_1",1,2,2,1,10,1988-05-23 00:00:00,1988-05-23 03:33:00,2,2,0,1,0.816666666666667,0
"8806",13,"8806_13",110,"8806_110_1",1,1,0,0,20,1988-05-23 00:00:00,1988-05-23 21:02:00,3,5,2,5,25.4333333333333,1
"8806",14,"8806_14",110,"8806_110_1",1,2,0,1,20,1988-05-23 00:00:00,1988-05-23 21:44:00,3,5,2,5,25.4333333333333,1
"8806",19,"8806_19",110,"8806_110_1",1,1,0,0,33,1988-05-24 00:00:00,1988-05-24 20:55:00,3,5,2,5,25.4333333333333,1
"8806",20,"8806_20",110,"8806_110_1",1,2,0,1,33,1988-05-24 00:00:00,1988-05-24 21:40:00,3,5,2,5,25.4333333333333,1
"8806",21,"8806_21",110,"8806_110_1",1,3,0,0,33,1988-05-24 00:00:00,1988-05-24 22:28:00,3,5,2,5,25.4333333333333,1
"8806",31,"8806_31",125,"8806_125_1",1,2,0,1,52,1988-05-26 00:00:00,1988-05-26 00:42:00,3,3,0,1,1.36666666666667,0
"8806",32,"8806_32",125,"8806_125_1",1,1,0,0,52,1988-05-26 00:00:00,1988-05-26 01:21:00,3,3,0,1,1.36666666666667,0
"8806",33,"8806_33",125,"8806_125_1",1,3,0,0,52,1988-05-26 00:00:00,1988-05-26 02:04:00,3,3,0,1,1.36666666666667,0
"8806",39,"8806_39",133,"8806_133_1",1,1,0,0,68,1988-05-27 00:00:00,1988-05-27 01:02:00,3,3,0,1,1.36666666666667,0
"8806",40,"8806_40",133,"8806_133_1",1,2,0,1,68,1988-05-27 00:00:00,1988-05-27 01:41:00,3,3,0,1,1.36666666666667,0
"8806",41,"8806_41",133,"8806_133_1",1,3,0,0,68,1988-05-27 00:00:00,1988-05-27 02:24:00,3,3,0,1,1.36666666666667,0
"8806",48,"8806_48",162,"8806_162_1",1,1,0,0,87,1988-05-28 00:00:00,1988-05-28 03:13:00,3,3,0,1,1.38333333333333,0
"8806",49,"8806_49",162,"8806_162_1",1,2,0,1,87,1988-05-28 00:00:00,1988-05-28 03:53:00,3,3,0,1,1.38333333333333,0
"8806",50,"8806_50",162,"8806_162_1",1,3,0,0,87,1988-05-28 00:00:00,1988-05-28 04:36:00,3,3,0,1,1.38333333333333,0
"8806",52,"8806_52",170,"8806_170_1",1,1,0,0,103,1988-05-28 00:00:00,1988-05-28 21:15:00,3,3,0,1,1.71666666666667,0
"8806",53,"8806_53",170,"8806_170_1",1,2,0,1,103,1988-05-28 00:00:00,1988-05-28 22:07:00,3,3,0,1,1.71666666666667,0
"8806",54,"8806_54",170,"8806_170_1",1,3,0,0,103,1988-05-28 00:00:00,1988-05-28 22:58:00,3,3,0,1,1.71666666666667,0
"8806",100,"8806_100",112,"8806_112_2",2,1,2,0,156,1988-06-03 00:00:00,1988-06-03 03:15:00,2,2,0,1,0.633333333333333,0
"8806",101,"8806_101",112,"8806_112_2",2,2,0,1,156,1988-06-03 00:00:00,1988-06-03 03:53:00,2,2,0,1,0.633333333333333,0
"8806",106,"8806_106",110,"8806_110_2",2,1,0,0,168,1988-06-03 00:00:00,1988-06-03 21:10:00,3,3,0,1,1.61666666666667,0
"8806",107,"8806_107",110,"8806_110_2",2,2,0,1,168,1988-06-03 00:00:00,1988-06-03 22:00:00,3,3,0,1,1.61666666666667,0
"8806",108,"8806_108",110,"8806_110_2",2,3,0,0,168,1988-06-03 00:00:00,1988-06-03 22:47:00,3,3,0,1,1.61666666666667,0
"8806",118,"8806_118",125,"8806_125_2",2,1,0,0,188,1988-06-05 00:00:00,1988-06-05 00:53:00,3,3,0,1,1.33333333333333,0
"8806",119,"8806_119",125,"8806_125_2",2,2,0,1,188,1988-06-05 00:00:00,1988-06-05 01:31:00,3,3,0,1,1.33333333333333,0
"8806",120,"8806_120",125,"8806_125_2",2,3,0,0,188,1988-06-05 00:00:00,1988-06-05 02:13:00,3,3,0,1,1.33333333333333,0
"8806",127,"8806_127",133,"8806_133_2",2,1,0,0,204,1988-06-06 00:00:00,1988-06-06 00:15:00,3,3,0,1,1.43333333333333,0
"8806",128,"8806_128",133,"8806_133_2",2,2,0,1,204,1988-06-06 00:00:00,1988-06-06 00:57:00,3,3,0,1,1.43333333333333,0
"8806",129,"8806_129",133,"8806_133_2",2,3,0,0,204,1988-06-06 00:00:00,1988-06-06 01:41:00,3,3,0,1,1.43333333333333,0
"8806",136,"8806_136",162,"8806_162_2",2,1,0,0,222,1988-06-07 00:00:00,1988-06-07 03:17:00,3,6,3,17,69.9166666666667,1
"8806",137,"8806_137",162,"8806_162_2",2,2,0,1,222,1988-06-07 00:00:00,1988-06-07 03:57:00,3,6,3,17,69.9166666666667,1
"8806",138,"8806_138",162,"8806_162_2",2,3,0,0,222,1988-06-07 00:00:00,1988-06-07 04:41:00,3,6,3,17,69.9166666666667,1
"8806",146,"8806_146",170,"8806_170_2",2,1,0,0,245,1988-06-08 00:00:00,1988-06-08 21:05:00,3,3,0,1,1.4,0
"8806",147,"8806_147",170,"8806_170_2",2,2,2,1,245,1988-06-08 00:00:00,1988-06-08 21:44:00,3,3,0,1,1.4,0
"8806",148,"8806_148",170,"8806_170_2",2,3,0,0,245,1988-06-08 00:00:00,1988-06-08 22:29:00,3,3,0,1,1.4,0
"8806",155,"8806_155",162,"8806_162_2",2,1,0,0,260,1988-06-09 00:00:00,1988-06-09 22:19:00,3,6,3,17,69.9166666666667,1
"8806",156,"8806_156",162,"8806_162_2",2,2,0,1,260,1988-06-09 00:00:00,1988-06-09 23:00:00,3,6,3,17,69.9166666666667,1
"8806",158,"8806_158",162,"8806_162_2",2,3,0,0,260,1988-06-10 00:00:00,1988-06-10 01:12:00,3,6,3,17,69.9166666666667,1
"8806",173,"8806_173",112,"8806_112_3",3,1,0,0,288,1988-06-12 00:00:00,1988-06-12 03:21:00,2,2,0,1,0.7,0
"8806",174,"8806_174",112,"8806_112_3",3,2,0,1,288,1988-06-12 00:00:00,1988-06-12 04:03:00,2,2,0,1,0.7,0
"8806",179,"8806_179",110,"8806_110_3",3,1,2,0,299,1988-06-12 00:00:00,1988-06-12 21:08:00,3,3,0,1,1.46666666666667,0
"8806",180,"8806_180",110,"8806_110_3",3,2,2,1,299,1988-06-12 00:00:00,1988-06-12 21:55:00,3,3,0,1,1.46666666666667,0
"8806",181,"8806_181",110,"8806_110_3",3,3,0,0,299,1988-06-12 00:00:00,1988-06-12 22:36:00,3,3,0,1,1.46666666666667,0
"8806",191,"8806_191",125,"8806_125_3",3,1,0,0,319,1988-06-13 00:00:00,1988-06-13 23:47:00,3,3,0,1,1.35,0
"8806",192,"8806_192",125,"8806_125_3",3,2,0,1,319,1988-06-14 00:00:00,1988-06-14 00:28:00,3,3,0,1,1.35,0
"8806",193,"8806_193",125,"8806_125_3",3,3,0,0,319,1988-06-14 00:00:00,1988-06-14 01:08:00,3,3,0,1,1.35,0
"8806",201,"8806_201",133,"8806_133_3",3,1,0,0,336,1988-06-15 00:00:00,1988-06-15 00:13:00,3,3,0,1,1.55,0
"8806",202,"8806_202",133,"8806_133_3",3,2,0,1,336,1988-06-15 00:00:00,1988-06-15 00:59:00,3,3,0,1,1.55,0
"8806",203,"8806_203",133,"8806_133_3",3,3,0,0,336,1988-06-15 00:00:00,1988-06-15 01:46:00,3,3,0,1,1.55,0
"8806",211,"8806_211",162,"8806_162_3",3,1,0,0,355,1988-06-16 00:00:00,1988-06-16 03:20:00,3,3,0,1,1.11666666666667,0
"8806",212,"8806_212",162,"8806_162_3",3,2,0,1,355,1988-06-16 00:00:00,1988-06-16 03:56:00,3,3,0,1,1.11666666666667,0
"8806",213,"8806_213",162,"8806_162_3",3,3,0,0,355,1988-06-16 00:00:00,1988-06-16 04:27:00,3,3,0,1,1.11666666666667,0
"8806",215,"8806_215",170,"8806_170_3",3,1,0,0,366,1988-06-16 00:00:00,1988-06-16 21:06:00,3,3,0,1,1.35,0
"8806",216,"8806_216",170,"8806_170_3",3,2,0,1,366,1988-06-16 00:00:00,1988-06-16 21:43:00,3,3,0,1,1.35,0
"8806",217,"8806_217",170,"8806_170_3",3,3,0,0,366,1988-06-16 00:00:00,1988-06-16 22:27:00,3,3,0,1,1.35,0
"8904",7,"8904_7",112,"8904_112_1",1,1,0,0,12,1989-05-15 00:00:00,1989-05-15 03:20:00,2,2,0,1,0.8,0
"8904",8,"8904_8",112,"8904_112_1",1,2,0,1,12,1989-05-15 00:00:00,1989-05-15 04:08:00,2,2,0,1,0.8,0
"8904",10,"8904_10",110,"8904_110_1",1,1,0,0,26,1989-05-15 00:00:00,1989-05-15 20:45:00,3,3,0,1,1.28333333333333,0
"8904",11,"8904_11",110,"8904_110_1",1,2,0,1,26,1989-05-15 00:00:00,1989-05-15 21:24:00,3,3,0,1,1.28333333333333,0
"8904",12,"8904_12",110,"8904_110_1",1,3,0,0,26,1989-05-15 00:00:00,1989-05-15 22:02:00,3,3,0,1,1.28333333333333,0
"8904",21,"8904_21",125,"8904_125_1",1,1,0,0,46,1989-05-17 00:00:00,1989-05-17 00:16:00,3,3,0,1,1.28333333333333,0
"8904",22,"8904_22",125,"8904_125_1",1,2,0,1,46,1989-05-17 00:00:00,1989-05-17 00:52:00,3,3,0,1,1.28333333333333,0
"8904",23,"8904_23",125,"8904_125_1",1,3,0,0,46,1989-05-17 00:00:00,1989-05-17 01:33:00,3,3,0,1,1.28333333333333,0
"8904",29,"8904_29",133,"8904_133_1",1,1,0,0,64,1989-05-17 00:00:00,1989-05-17 23:41:00,3,3,0,1,1.55,0
"8904",30,"8904_30",133,"8904_133_1",1,2,0,1,64,1989-05-18 00:00:00,1989-05-18 00:27:00,3,3,0,1,1.55,0
"8904",31,"8904_31",133,"8904_133_1",1,3,0,0,64,1989-05-18 00:00:00,1989-05-18 01:14:00,3,3,0,1,1.55,0
"8904",44,"8904_44",162,"8904_162_1",1,1,0,0,90,1989-05-20 00:00:00,1989-05-20 03:56:00,2,2,0,1,1.03333333333333,0
"8904",45,"8904_45",162,"8904_162_1",1,2,0,1,90,1989-05-20 00:00:00,1989-05-20 04:58:00,2,2,0,1,1.03333333333333,0
"8904",51,"8904_51",170,"8904_170_1",1,1,0,0,110,1989-05-21 00:00:00,1989-05-21 02:39:00,3,3,0,1,1.28333333333333,0
"8904",52,"8904_52",170,"8904_170_1",1,2,0,1,110,1989-05-21 00:00:00,1989-05-21 03:16:00,3,3,0,1,1.28333333333333,0
"8904",53,"8904_53",170,"8904_170_1",1,3,0,0,110,1989-05-21 00:00:00,1989-05-21 03:56:00,3,3,0,1,1.28333333333333,0
"8904",83,"8904_83",112,"8904_112_2",2,2,0,1,170,1989-05-25 00:00:00,1989-05-25 03:53:00,2,2,0,1,0.766666666666667,0
"8904",84,"8904_84",112,"8904_112_2",2,1,0,0,170,1989-05-25 00:00:00,1989-05-25 04:39:00,2,2,0,1,0.766666666666667,0
"8904",90,"8904_90",110,"8904_110_2",2,2,0,1,191,1989-05-29 00:00:00,1989-05-29 02:39:00,2,2,0,2,1.65,1
"8904",92,"8904_92",110,"8904_110_2",2,1,0,0,191,1989-05-29 00:00:00,1989-05-29 04:18:00,2,2,0,2,1.65,1
"8904",97,"8904_97",125,"8904_125_2",2,1,0,0,206,1989-05-30 00:00:00,1989-05-30 00:10:00,2,2,0,1,0.616666666666667,0
"8904",98,"8904_98",125,"8904_125_2",2,2,0,1,206,1989-05-30 00:00:00,1989-05-30 00:47:00,2,2,0,1,0.616666666666667,0
"8904",105,"8904_105",133,"8904_133_2",2,1,0,0,221,1989-05-31 00:00:00,1989-05-31 00:38:00,3,3,0,1,1.11666666666667,0
"8904",106,"8904_106",133,"8904_133_2",2,2,0,1,221,1989-05-31 00:00:00,1989-05-31 01:08:00,3,3,0,1,1.11666666666667,0
"8904",107,"8904_107",133,"8904_133_2",2,3,0,0,221,1989-05-31 00:00:00,1989-05-31 01:45:00,3,3,0,1,1.11666666666667,0
"8904",114,"8904_114",162,"8904_162_2",2,1,0,0,NA,1989-06-01 00:00:00,1989-06-01 03:16:00,3,3,0,1,1.23333333333333,0
"8904",115,"8904_115",162,"8904_162_2",2,2,0,1,NA,1989-06-01 00:00:00,1989-06-01 03:52:00,3,3,0,1,1.23333333333333,0
"8904",116,"8904_116",162,"8904_162_2",2,3,0,0,NA,1989-06-01 00:00:00,1989-06-01 04:30:00,3,3,0,1,1.23333333333333,0
"8904",143,"8904_143",110,"8904_110_3",3,1,0,0,304,1989-06-04 00:00:00,1989-06-04 21:12:00,3,3,0,1,1.46666666666667,0
"8904",144,"8904_144",110,"8904_110_3",3,2,0,1,304,1989-06-04 00:00:00,1989-06-04 21:46:00,3,3,0,1,1.46666666666667,0
"8904",145,"8904_145",110,"8904_110_3",3,3,0,0,304,1989-06-04 00:00:00,1989-06-04 22:40:00,3,3,0,1,1.46666666666667,0
"8904",152,"8904_152",112,"8904_112_3",3,1,0,0,320,1989-06-05 00:00:00,1989-06-05 22:00:00,2,2,0,1,0.55,0
"8904",153,"8904_153",112,"8904_112_3",3,2,0,1,320,1989-06-05 00:00:00,1989-06-05 22:33:00,2,2,0,1,0.55,0
"8904",162,"8904_162",125,"8904_125_3",3,1,0,0,337,1989-06-07 00:00:00,1989-06-07 00:04:00,3,3,0,1,1.61666666666667,0
"8904",163,"8904_163",125,"8904_125_3",3,2,0,1,337,1989-06-07 00:00:00,1989-06-07 00:44:00,3,3,0,1,1.61666666666667,0
"8904",164,"8904_164",125,"8904_125_3",3,3,0,0,337,1989-06-07 00:00:00,1989-06-07 01:41:00,3,3,0,1,1.61666666666667,0
"8904",170,"8904_170",133,"8904_133_3",3,1,0,0,352,1989-06-08 00:00:00,1989-06-08 00:27:00,2,2,0,1,0.683333333333333,0
"8904",171,"8904_171",133,"8904_133_3",3,2,0,1,352,1989-06-08 00:00:00,1989-06-08 01:08:00,2,2,0,1,0.683333333333333,0
"8904",182,"8904_182",162,"8904_162_3",3,1,0,0,367,1989-06-11 00:00:00,1989-06-11 03:37:00,3,3,0,1,1.16666666666667,0
"8904",183,"8904_183",162,"8904_162_3",3,2,0,1,367,1989-06-11 00:00:00,1989-06-11 04:13:00,3,3,0,1,1.16666666666667,0
"8904",184,"8904_184",162,"8904_162_3",3,3,0,0,367,1989-06-11 00:00:00,1989-06-11 04:47:00,3,3,0,1,1.16666666666667,0
"8904",187,"8904_187",170,"8904_170_3",3,2,0,1,377,1989-06-11 00:00:00,1989-06-11 21:19:00,3,3,0,1,1.35,0
"8904",188,"8904_188",170,"8904_170_3",3,1,0,0,377,1989-06-11 00:00:00,1989-06-11 21:51:00,3,3,0,1,1.35,0
"8904",189,"8904_189",170,"8904_170_3",3,3,0,0,377,1989-06-11 00:00:00,1989-06-11 22:40:00,3,3,0,1,1.35,0
"9003",22,"9003_22",125,"9003_125_1",1,1,0,0,30,1990-03-30 00:00:00,1990-03-30 22:35:00,3,4,1,44,NA,1
"9003",23,"9003_23",125,"9003_125_1",1,2,0,1,30,1990-03-30 00:00:00,1990-03-30 23:10:00,3,4,1,44,NA,1
"9003",24,"9003_24",125,"9003_125_1",1,3,0,0,30,1990-03-30 00:00:00,1990-03-30 23:47:00,3,4,1,44,NA,1
"9003",25,"9003_25",126,"9003_126_1",1,2,0,1,31,1990-03-31 00:00:00,1990-03-31 01:49:00,2,2,0,1,0.683333333333333,0
"9003",26,"9003_26",126,"9003_126_1",1,3,0,0,31,1990-03-31 00:00:00,1990-03-31 02:30:00,2,2,0,1,0.683333333333333,0
"9003",32,"9003_32",133,"9003_133_1",1,1,0,0,46,1990-03-31 00:00:00,1990-03-31 22:36:00,3,3,0,1,1.65,0
"9003",33,"9003_33",133,"9003_133_1",1,2,0,1,46,1990-03-31 00:00:00,1990-03-31 23:13:00,3,3,0,1,1.65,0
"9003",34,"9003_34",133,"9003_133_1",1,3,0,0,46,1990-04-01 00:00:00,1990-04-01 00:15:00,3,3,0,1,1.65,0
"9003",44,"9003_44",162,"9003_162_1",1,1,0,0,61,1990-04-02 00:00:00,1990-04-02 03:52:00,3,3,0,1,1.31666666666667,0
"9003",45,"9003_45",162,"9003_162_1",1,2,0,1,61,1990-04-02 00:00:00,1990-04-02 04:29:00,3,3,0,1,1.31666666666667,0
"9003",46,"9003_46",162,"9003_162_1",1,3,0,0,61,1990-04-02 00:00:00,1990-04-02 05:11:00,3,3,0,1,1.31666666666667,0
"9003",53,"9003_53",170,"9003_170_1",1,1,0,0,75,1990-04-03 00:00:00,1990-04-03 01:44:00,3,3,0,1,1.38333333333333,0
"9003",54,"9003_54",170,"9003_170_1",1,2,0,1,75,1990-04-03 00:00:00,1990-04-03 02:21:00,3,3,0,1,1.38333333333333,0
"9003",55,"9003_55",170,"9003_170_1",1,3,0,0,75,1990-04-03 00:00:00,1990-04-03 03:07:00,3,3,0,1,1.38333333333333,0
"9003",68,"9003_68",125,"9003_125_1",1,2,0,1,NA,1990-04-05 00:00:00,NA,3,4,1,44,NA,1
"9005",8,"9005_8",112,"9005_112_1",1,2,0,1,10,1990-05-14 00:00:00,1990-05-14 04:24:00,2,2,0,1,0.65,0
"9005",9,"9005_9",112,"9005_112_1",1,1,0,0,10,1990-05-14 00:00:00,1990-05-14 05:03:00,2,2,0,1,0.65,0
"9005",12,"9005_12",110,"9005_110_1",1,1,0,0,26,1990-05-15 00:00:00,1990-05-15 20:51:00,3,3,0,1,1.41666666666667,0
"9005",13,"9005_13",110,"9005_110_1",1,2,0,1,26,1990-05-15 00:00:00,1990-05-15 21:35:00,3,3,0,1,1.41666666666667,0
"9005",14,"9005_14",110,"9005_110_1",1,3,0,0,26,1990-05-15 00:00:00,1990-05-15 22:16:00,3,3,0,1,1.41666666666667,0
"9005",25,"9005_25",125,"9005_125_1",1,1,0,0,NA,1990-05-17 00:00:00,1990-05-17 00:59:00,2,2,0,1,0.783333333333333,0
"9005",26,"9005_26",125,"9005_125_1",1,2,0,1,NA,1990-05-17 00:00:00,1990-05-17 01:46:00,2,2,0,1,0.783333333333333,0
"9005",54,"9005_54",170,"9005_170_1",1,2,0,1,106,1990-05-21 00:00:00,1990-05-21 01:39:00,3,3,0,1,1.36666666666667,0
"9005",55,"9005_55",170,"9005_170_1",1,3,0,0,106,1990-05-21 00:00:00,1990-05-21 02:14:00,3,3,0,1,1.36666666666667,0
"9005",56,"9005_56",170,"9005_170_1",1,1,0,0,106,1990-05-21 00:00:00,1990-05-21 03:01:00,3,3,0,1,1.36666666666667,0
"9005",63,"9005_63",110,"9005_110_2",2,1,0,0,120,1990-05-22 00:00:00,1990-05-22 21:03:00,3,3,0,1,1.28333333333333,0
"9005",64,"9005_64",110,"9005_110_2",2,2,0,1,120,1990-05-22 00:00:00,1990-05-22 21:43:00,3,3,0,1,1.28333333333333,0
"9005",65,"9005_65",110,"9005_110_2",2,3,0,0,120,1990-05-22 00:00:00,1990-05-22 22:20:00,3,3,0,1,1.28333333333333,0
"9005",72,"9005_72",112,"9005_112_2",2,1,0,0,132,1990-05-23 00:00:00,1990-05-23 21:11:00,2,2,0,1,0.616666666666667,0
"9005",73,"9005_73",112,"9005_112_2",2,2,0,1,132,1990-05-23 00:00:00,1990-05-23 21:48:00,2,2,0,1,0.616666666666667,0
"9005",86,"9005_86",125,"9005_125_2",2,1,0,0,151,1990-05-25 00:00:00,1990-05-25 00:33:00,3,3,0,1,1.26666666666667,0
"9005",87,"9005_87",125,"9005_125_2",2,2,0,1,151,1990-05-25 00:00:00,1990-05-25 01:12:00,3,3,0,1,1.26666666666667,0
"9005",88,"9005_88",125,"9005_125_2",2,3,0,0,151,1990-05-25 00:00:00,1990-05-25 01:49:00,3,3,0,1,1.26666666666667,0
"9005",95,"9005_95",133,"9005_133_2",2,1,0,0,168,1990-05-26 00:00:00,1990-05-26 00:33:00,3,3,0,1,1.16666666666667,0
"9005",96,"9005_96",133,"9005_133_2",2,2,0,1,168,1990-05-26 00:00:00,1990-05-26 01:05:00,3,3,0,1,1.16666666666667,0
"9005",97,"9005_97",133,"9005_133_2",2,3,0,0,168,1990-05-26 00:00:00,1990-05-26 01:43:00,3,3,0,1,1.16666666666667,0
"9005",118,"9005_118",170,"9005_170_2",2,1,0,0,216,1990-05-28 00:00:00,1990-05-28 21:14:00,3,3,0,1,1.26666666666667,0
"9005",119,"9005_119",170,"9005_170_2",2,2,0,1,216,1990-05-28 00:00:00,1990-05-28 21:47:00,3,3,0,1,1.26666666666667,0
"9005",120,"9005_120",170,"9005_170_2",2,3,0,0,216,1990-05-28 00:00:00,1990-05-28 22:30:00,3,3,0,1,1.26666666666667,0
"9005",161,"9005_161",112,"9005_112_3",3,2,0,1,246,1990-06-02 00:00:00,1990-06-02 03:49:00,2,2,0,1,0.616666666666667,0
"9005",162,"9005_162",112,"9005_112_3",3,1,0,0,246,1990-06-02 00:00:00,1990-06-02 04:26:00,2,2,0,1,0.616666666666667,0
"9005",165,"9005_165",110,"9005_110_3",3,1,0,0,258,1990-06-02 00:00:00,1990-06-02 21:12:00,3,3,0,1,1.16666666666667,0
"9005",166,"9005_166",110,"9005_110_3",3,2,0,1,258,1990-06-02 00:00:00,1990-06-02 21:44:00,3,3,0,1,1.16666666666667,0
"9005",167,"9005_167",110,"9005_110_3",3,3,0,0,258,1990-06-02 00:00:00,1990-06-02 22:22:00,3,3,0,1,1.16666666666667,0
"9005",178,"9005_178",126,"9005_126_3",3,2,0,1,273,1990-06-04 00:00:00,1990-06-04 03:35:00,2,2,0,1,0.65,0
"9005",179,"9005_179",126,"9005_126_3",3,3,0,0,273,1990-06-04 00:00:00,1990-06-04 04:14:00,2,2,0,1,0.65,0
"9005",195,"9005_195",134,"9005_134_3",3,2,0,1,304,1990-06-07 00:00:00,1990-06-07 02:25:00,3,3,0,1,1.21666666666667,0
"9005",196,"9005_196",134,"9005_134_3",3,3,0,0,304,1990-06-07 00:00:00,1990-06-07 02:58:00,3,3,0,1,1.21666666666667,0
"9005",197,"9005_197",134,"9005_134_3",3,1,0,0,304,1990-06-07 00:00:00,1990-06-07 03:38:00,3,3,0,1,1.21666666666667,0
"9105",7,"9105_7",112,"9105_112_1",1,2,0,1,9,1991-05-15 00:00:00,1991-05-15 04:30:00,2,2,0,1,0.566666666666667,0
"9105",8,"9105_8",112,"9105_112_1",1,1,0,0,9,1991-05-15 00:00:00,1991-05-15 05:04:00,2,2,0,1,0.566666666666667,0
"9105",10,"9105_10",110,"9105_110_1",1,1,0,0,18,1991-05-15 00:00:00,1991-05-15 21:11:00,3,3,0,1,1.3,0
"9105",11,"9105_11",110,"9105_110_1",1,2,0,1,18,1991-05-15 00:00:00,1991-05-15 21:46:00,3,3,0,1,1.3,0
"9105",12,"9105_12",110,"9105_110_1",1,3,0,0,18,1991-05-15 00:00:00,1991-05-15 22:29:00,3,3,0,1,1.3,0
"9105",21,"9105_21",125,"9105_125_1",1,1,0,0,36,1991-05-17 00:00:00,1991-05-17 01:26:00,2,2,0,1,0.783333333333333,0
"9105",22,"9105_22",125,"9105_125_1",1,2,0,1,36,1991-05-17 00:00:00,1991-05-17 02:13:00,2,2,0,1,0.783333333333333,0
"9105",34,"9105_34",133,"9105_133_1",1,1,0,0,61,1991-05-20 00:00:00,1991-05-20 01:04:00,3,3,0,1,1.11666666666667,0
"9105",35,"9105_35",133,"9105_133_1",1,2,0,1,61,1991-05-20 00:00:00,1991-05-20 01:35:00,3,3,0,1,1.11666666666667,0
"9105",36,"9105_36",133,"9105_133_1",1,3,0,0,61,1991-05-20 00:00:00,1991-05-20 02:11:00,3,3,0,1,1.11666666666667,0
"9105",66,"9105_66",112,"9105_112_2",2,2,0,1,115,1991-05-25 00:00:00,1991-05-25 03:25:00,2,8,6,25,144.466666666667,1
"9105",67,"9105_67",112,"9105_112_2",2,1,0,0,115,1991-05-25 00:00:00,1991-05-25 04:09:00,2,8,6,25,144.466666666667,1
"9105",68,"9105_68",112,"9105_112_2",2,2,0,1,123,1991-05-25 00:00:00,1991-05-25 23:55:00,2,8,6,25,144.466666666667,1
"9105",69,"9105_69",112,"9105_112_2",2,2,0,1,123,1991-05-26 00:00:00,1991-05-26 00:39:00,2,8,6,25,144.466666666667,1
"9105",81,"9105_81",112,"9105_112_2",2,2,0,1,135,1991-05-27 00:00:00,1991-05-27 03:04:00,2,8,6,25,144.466666666667,1
"9105",82,"9105_82",112,"9105_112_2",2,1,0,0,135,1991-05-27 00:00:00,1991-05-27 03:46:00,2,8,6,25,144.466666666667,1
"9105",98,"9105_98",125,"9105_125_2",2,1,0,0,161,1991-05-30 00:00:00,1991-05-30 00:20:00,3,3,0,1,1.1,0
"9105",99,"9105_99",125,"9105_125_2",2,2,0,1,161,1991-05-30 00:00:00,1991-05-30 00:52:00,3,3,0,1,1.1,0
"9105",100,"9105_100",125,"9105_125_2",2,3,0,0,161,1991-05-30 00:00:00,1991-05-30 01:26:00,3,3,0,1,1.1,0
"9105",107,"9105_107",112,"9105_112_2",2,2,0,1,178,1991-05-31 00:00:00,1991-05-31 03:10:00,2,8,6,25,144.466666666667,1
"9105",108,"9105_108",112,"9105_112_2",2,1,0,0,178,1991-05-31 00:00:00,1991-05-31 03:53:00,2,8,6,25,144.466666666667,1
"9105",114,"9105_114",118,"9105_118_2",2,1,0,0,191,1991-06-01 00:00:00,1991-06-01 03:28:00,3,3,0,1,1.11666666666667,0
"9105",115,"9105_115",118,"9105_118_2",2,2,0,1,191,1991-06-01 00:00:00,1991-06-01 04:00:00,3,3,0,1,1.11666666666667,0
"9105",116,"9105_116",118,"9105_118_2",2,3,0,0,191,1991-06-01 00:00:00,1991-06-01 04:35:00,3,3,0,1,1.11666666666667,0
"9105",128,"9105_128",170,"9105_170_2",2,2,0,1,216,1991-06-03 00:00:00,1991-06-03 01:58:00,3,3,0,1,1.73333333333333,0
"9105",129,"9105_129",170,"9105_170_2",2,1,0,0,216,1991-06-03 00:00:00,1991-06-03 02:50:00,3,3,0,1,1.73333333333333,0
"9105",130,"9105_130",170,"9105_170_2",2,3,0,0,216,1991-06-03 00:00:00,1991-06-03 03:42:00,3,3,0,1,1.73333333333333,0
"9105",136,"9105_136",110,"9105_110_3",3,1,0,0,221,1991-06-04 00:00:00,1991-06-04 02:21:00,3,3,0,1,1.4,0
"9105",137,"9105_137",110,"9105_110_3",3,2,0,1,221,1991-06-04 00:00:00,1991-06-04 03:02:00,3,3,0,1,1.4,0
"9105",138,"9105_138",110,"9105_110_3",3,3,0,0,221,1991-06-04 00:00:00,1991-06-04 03:45:00,3,3,0,1,1.4,0
"9105",143,"9105_143",125,"9105_125_3",3,1,0,0,234,1991-06-05 00:00:00,1991-06-05 00:13:00,3,3,0,1,1.13333333333333,0
"9105",144,"9105_144",125,"9105_125_3",3,2,0,1,234,1991-06-05 00:00:00,1991-06-05 00:46:00,3,3,0,1,1.13333333333333,0
"9105",145,"9105_145",125,"9105_125_3",3,3,0,0,234,1991-06-05 00:00:00,1991-06-05 01:21:00,3,3,0,1,1.13333333333333,0
"9105",148,"9105_148",112,"9105_112_3",3,2,0,1,248,1991-06-05 00:00:00,1991-06-05 21:16:00,2,2,0,1,0.583333333333333,0
"9105",149,"9105_149",112,"9105_112_3",3,1,0,0,248,1991-06-05 00:00:00,1991-06-05 21:51:00,2,2,0,1,0.583333333333333,0
"9105",158,"9105_158",133,"9105_133_3",3,1,0,0,266,1991-06-07 00:00:00,1991-06-07 01:24:00,3,3,0,1,1.16666666666667,0
"9105",159,"9105_159",133,"9105_133_3",3,2,0,1,266,1991-06-07 00:00:00,1991-06-07 02:01:00,3,3,0,1,1.16666666666667,0
"9105",160,"9105_160",133,"9105_133_3",3,3,0,0,266,1991-06-07 00:00:00,1991-06-07 02:34:00,3,3,0,1,1.16666666666667,0
"9105",179,"9105_179",170,"9105_170_3",3,1,0,0,299,1991-06-10 00:00:00,1991-06-10 02:43:00,3,3,0,1,1.53333333333333,0
"9105",180,"9105_180",170,"9105_170_3",3,2,0,1,299,1991-06-10 00:00:00,1991-06-10 03:28:00,3,3,0,1,1.53333333333333,0
"9105",181,"9105_181",170,"9105_170_3",3,3,0,0,299,1991-06-10 00:00:00,1991-06-10 04:15:00,3,3,0,1,1.53333333333333,0
"9206",11,"9206_11",110,"9206_110_1",1,2,0,1,21,1992-05-12 00:00:00,1992-05-12 22:05:00,2,2,0,1,0.683333333333333,0
"9206",12,"9206_12",110,"9206_110_1",1,3,0,0,21,1992-05-12 00:00:00,1992-05-12 22:46:00,2,2,0,1,0.683333333333333,0
"9206",21,"9206_21",125,"9206_125_1",1,1,0,0,40,1992-05-14 00:00:00,1992-05-14 00:25:00,3,3,0,1,1.36666666666667,0
"9206",22,"9206_22",125,"9206_125_1",1,2,0,1,40,1992-05-14 00:00:00,1992-05-14 01:01:00,3,3,0,1,1.36666666666667,0
"9206",23,"9206_23",125,"9206_125_1",1,3,0,0,40,1992-05-14 00:00:00,1992-05-14 01:47:00,3,3,0,1,1.36666666666667,0
"9206",29,"9206_29",133,"9206_133_1",1,1,0,0,56,1992-05-15 00:00:00,1992-05-15 00:38:00,3,3,0,1,1.28333333333333,0
"9206",30,"9206_30",133,"9206_133_1",1,2,0,1,56,1992-05-15 00:00:00,1992-05-15 01:15:00,3,3,0,1,1.28333333333333,0
"9206",31,"9206_31",133,"9206_133_1",1,3,0,0,56,1992-05-15 00:00:00,1992-05-15 01:55:00,3,3,0,1,1.28333333333333,0
"9206",38,"9206_38",162,"9206_162_1",1,2,0,1,72,1992-05-16 00:00:00,1992-05-16 04:14:00,2,2,0,1,0.633333333333333,0
"9206",39,"9206_39",162,"9206_162_1",1,3,0,0,72,1992-05-16 00:00:00,1992-05-16 04:52:00,2,2,0,1,0.633333333333333,0
"9206",44,"9206_44",170,"9206_170_1",1,2,0,1,86,1992-05-17 00:00:00,1992-05-17 01:58:00,2,2,0,1,0.65,0
"9206",45,"9206_45",170,"9206_170_1",1,1,0,0,86,1992-05-17 00:00:00,1992-05-17 02:37:00,2,2,0,1,0.65,0
"9206",59,"9206_59",110,"9206_110_2",2,1,0,0,120,1992-05-19 00:00:00,1992-05-19 21:08:00,3,3,0,1,1.51666666666667,0
"9206",60,"9206_60",110,"9206_110_2",2,2,0,1,120,1992-05-19 00:00:00,1992-05-19 21:53:00,3,3,0,1,1.51666666666667,0
"9206",61,"9206_61",110,"9206_110_2",2,3,0,0,120,1992-05-19 00:00:00,1992-05-19 22:39:00,3,3,0,1,1.51666666666667,0
"9206",77,"9206_77",125,"9206_125_2",2,1,0,0,148,1992-05-22 00:00:00,1992-05-22 01:00:00,3,3,0,1,1.51666666666667,0
"9206",78,"9206_78",125,"9206_125_2",2,2,0,1,148,1992-05-22 00:00:00,1992-05-22 01:45:00,3,3,0,1,1.51666666666667,0
"9206",79,"9206_79",125,"9206_125_2",2,3,0,0,148,1992-05-22 00:00:00,1992-05-22 02:31:00,3,3,0,1,1.51666666666667,0
"9206",85,"9206_85",133,"9206_133_2",2,1,0,0,163,1992-05-23 00:00:00,1992-05-23 01:15:00,3,3,0,1,1.51666666666667,0
"9206",86,"9206_86",133,"9206_133_2",2,2,0,1,163,1992-05-23 00:00:00,1992-05-23 01:59:00,3,3,0,1,1.51666666666667,0
"9206",87,"9206_87",133,"9206_133_2",2,3,0,0,163,1992-05-23 00:00:00,1992-05-23 02:46:00,3,3,0,1,1.51666666666667,0
"9206",94,"9206_94",162,"9206_162_2",2,2,0,1,178,1992-05-24 00:00:00,1992-05-24 04:09:00,2,2,0,1,0.633333333333333,0
"9206",95,"9206_95",162,"9206_162_2",2,3,0,0,178,1992-05-24 00:00:00,1992-05-24 04:47:00,2,2,0,1,0.633333333333333,0
"9206",153,"9206_153",112,"9206_112_3",3,2,0,1,293,1992-06-05 00:00:00,1992-06-05 04:09:00,2,2,0,1,0.633333333333333,0
"9206",154,"9206_154",112,"9206_112_3",3,1,0,0,293,1992-06-05 00:00:00,1992-06-05 04:47:00,2,2,0,1,0.633333333333333,0
"9206",160,"9206_160",118,"9206_118_3",3,2,0,1,309,1992-06-06 00:00:00,1992-06-06 04:03:00,2,2,0,1,0.65,0
"9206",161,"9206_161",118,"9206_118_3",3,3,0,0,309,1992-06-06 00:00:00,1992-06-06 04:42:00,2,2,0,1,0.65,0
"9206",166,"9206_166",125,"9206_125_3",3,1,0,0,323,1992-06-07 00:00:00,1992-06-07 01:00:00,3,3,0,1,1.43333333333333,0
"9206",167,"9206_167",125,"9206_125_3",3,2,0,1,323,1992-06-07 00:00:00,1992-06-07 01:40:00,3,3,0,1,1.43333333333333,0
"9206",168,"9206_168",125,"9206_125_3",3,3,0,0,323,1992-06-07 00:00:00,1992-06-07 02:26:00,3,3,0,1,1.43333333333333,0
"9206",180,"9206_180",133,"9206_133_3",3,2,0,1,347,1992-06-09 00:00:00,1992-06-09 01:36:00,2,2,0,1,0.816666666666667,0
"9206",181,"9206_181",133,"9206_133_3",3,3,0,0,347,1992-06-09 00:00:00,1992-06-09 02:25:00,2,2,0,1,0.816666666666667,0
"9206",189,"9206_189",170,"9206_170_3",3,1,0,0,374,1992-06-10 00:00:00,1992-06-10 21:20:00,3,3,0,1,1.61666666666667,0
"9206",190,"9206_190",170,"9206_170_3",3,2,0,1,374,1992-06-10 00:00:00,1992-06-10 22:06:00,3,3,0,1,1.61666666666667,0
"9206",191,"9206_191",170,"9206_170_3",3,3,0,0,374,1992-06-10 00:00:00,1992-06-10 22:57:00,3,3,0,1,1.61666666666667,0
"9307",6,"9307_6",112,"9307_112_1",1,2,0,1,12,1993-05-14 00:00:00,1993-05-14 03:13:00,2,2,0,1,1.03333333333333,0
"9307",7,"9307_7",112,"9307_112_1",1,1,0,0,12,1993-05-14 00:00:00,1993-05-14 04:15:00,2,2,0,1,1.03333333333333,0
"9307",8,"9307_8",110,"9307_110_1",1,1,0,0,24,1993-05-14 00:00:00,1993-05-14 21:05:00,3,3,0,1,1.51666666666667,0
"9307",9,"9307_9",110,"9307_110_1",1,2,0,1,24,1993-05-14 00:00:00,1993-05-14 21:46:00,3,3,0,1,1.51666666666667,0
"9307",10,"9307_10",110,"9307_110_1",1,3,0,0,24,1993-05-14 00:00:00,1993-05-14 22:36:00,3,3,0,1,1.51666666666667,0
"9307",16,"9307_16",125,"9307_125_1",1,1,0,0,40,1993-05-15 00:00:00,1993-05-15 22:33:00,3,3,0,1,1.23333333333333,0
"9307",17,"9307_17",125,"9307_125_1",1,2,0,1,40,1993-05-15 00:00:00,1993-05-15 23:07:00,3,3,0,1,1.23333333333333,0
"9307",18,"9307_18",125,"9307_125_1",1,3,0,0,40,1993-05-15 00:00:00,1993-05-15 23:47:00,3,3,0,1,1.23333333333333,0
"9307",25,"9307_25",133,"9307_133_1",1,1,0,0,58,1993-05-17 00:00:00,1993-05-17 01:11:00,3,4,1,21,91.8666666666667,1
"9307",26,"9307_26",133,"9307_133_1",1,2,0,1,58,1993-05-17 00:00:00,1993-05-17 01:54:00,3,4,1,21,91.8666666666667,1
"9307",27,"9307_27",133,"9307_133_1",1,3,0,0,58,1993-05-17 00:00:00,1993-05-17 02:41:00,3,4,1,21,91.8666666666667,1
"9307",33,"9307_33",162,"9307_162_1",1,2,0,1,73,1993-05-18 00:00:00,1993-05-18 03:54:00,2,2,0,1,0.866666666666667,0
"9307",34,"9307_34",162,"9307_162_1",1,1,0,0,73,1993-05-18 00:00:00,1993-05-18 04:46:00,2,2,0,1,0.866666666666667,0
"9307",35,"9307_35",170,"9307_170_1",1,2,0,1,84,1993-05-18 00:00:00,1993-05-18 21:01:00,3,3,0,1,1.45,0
"9307",36,"9307_36",170,"9307_170_1",1,1,0,0,84,1993-05-18 00:00:00,1993-05-18 21:47:00,3,3,0,1,1.45,0
"9307",37,"9307_37",170,"9307_170_1",1,3,0,0,84,1993-05-18 00:00:00,1993-05-18 22:28:00,3,3,0,1,1.45,0
"9307",48,"9307_48",133,"9307_133_1",1,1,0,0,98,1993-05-20 00:00:00,1993-05-20 21:03:00,3,4,1,21,91.8666666666667,1
"9307",61,"9307_61",112,"9307_112_2",2,2,0,1,114,1993-05-22 00:00:00,1993-05-22 03:08:00,2,2,0,1,0.833333333333333,0
"9307",62,"9307_62",112,"9307_112_2",2,1,0,0,114,1993-05-22 00:00:00,1993-05-22 03:58:00,2,2,0,1,0.833333333333333,0
"9307",63,"9307_63",110,"9307_110_2",2,1,0,0,126,1993-05-22 00:00:00,1993-05-22 21:09:00,3,3,0,1,1.55,0
"9307",64,"9307_64",110,"9307_110_2",2,2,0,1,126,1993-05-22 00:00:00,1993-05-22 21:55:00,3,3,0,1,1.55,0
"9307",65,"9307_65",110,"9307_110_2",2,3,0,0,126,1993-05-22 00:00:00,1993-05-22 22:42:00,3,3,0,1,1.55,0
"9307",78,"9307_78",133,"9307_133_2",2,1,0,0,159,1993-05-25 00:00:00,1993-05-25 00:37:00,3,3,0,1,1.4,0
"9307",79,"9307_79",133,"9307_133_2",2,2,0,1,159,1993-05-25 00:00:00,1993-05-25 01:17:00,3,3,0,1,1.4,0
"9307",80,"9307_80",133,"9307_133_2",2,3,0,0,159,1993-05-25 00:00:00,1993-05-25 02:01:00,3,3,0,1,1.4,0
"9307",87,"9307_87",170,"9307_170_2",2,2,0,1,185,1993-05-26 00:00:00,1993-05-26 21:01:00,3,3,0,1,1.48333333333333,0
"9307",88,"9307_88",170,"9307_170_2",2,1,0,0,185,1993-05-26 00:00:00,1993-05-26 21:47:00,3,3,0,1,1.48333333333333,0
"9307",89,"9307_89",170,"9307_170_2",2,3,0,0,185,1993-05-26 00:00:00,1993-05-26 22:30:00,3,3,0,1,1.48333333333333,0
"9307",137,"9307_137",112,"9307_112_3",3,2,0,1,254,1993-06-04 00:00:00,1993-06-04 03:26:00,2,2,0,1,0.916666666666667,0
"9307",138,"9307_138",112,"9307_112_3",3,1,0,0,254,1993-06-04 00:00:00,1993-06-04 04:21:00,2,2,0,1,0.916666666666667,0
"9307",139,"9307_139",110,"9307_110_3",3,1,0,0,266,1993-06-04 00:00:00,1993-06-04 21:27:00,3,3,0,1,1.86666666666667,0
"9307",140,"9307_140",110,"9307_110_3",3,2,0,1,266,1993-06-04 00:00:00,1993-06-04 22:20:00,3,3,0,1,1.86666666666667,0
"9307",141,"9307_141",110,"9307_110_3",3,3,0,0,266,1993-06-04 00:00:00,1993-06-04 23:19:00,3,3,0,1,1.86666666666667,0
"9307",146,"9307_146",125,"9307_125_3",3,1,0,0,281,1993-06-05 00:00:00,1993-06-05 22:59:00,3,3,0,1,1.83333333333333,0
"9307",147,"9307_147",125,"9307_125_3",3,2,0,1,281,1993-06-05 00:00:00,1993-06-05 23:50:00,3,3,0,1,1.83333333333333,0
"9307",148,"9307_148",125,"9307_125_3",3,3,0,0,281,1993-06-06 00:00:00,1993-06-06 00:49:00,3,3,0,1,1.83333333333333,0
"9307",151,"9307_151",133,"9307_133_3",3,1,0,0,292,1993-06-06 00:00:00,1993-06-06 22:38:00,2,2,0,1,0.716666666666667,0
"9307",152,"9307_152",133,"9307_133_3",3,2,0,1,292,1993-06-06 00:00:00,1993-06-06 23:21:00,2,2,0,1,0.716666666666667,0
"9406",13,"9406_13",125,"9406_125_1",1,1,0,0,31,1994-05-21 00:00:00,NA,3,3,0,1,NA,1
"9406",14,"9406_14",125,"9406_125_1",1,2,0,1,31,1994-05-21 00:00:00,NA,3,3,0,1,NA,1
"9406",15,"9406_15",125,"9406_125_1",1,3,0,0,31,1994-05-21 00:00:00,1994-05-21 02:47:00,3,3,0,1,NA,1
"9406",25,"9406_25",133,"9406_133_1",1,1,0,0,47,1994-05-22 00:00:00,NA,3,3,0,1,NA,1
"9406",26,"9406_26",133,"9406_133_1",1,2,0,1,47,1994-05-22 00:00:00,NA,3,3,0,1,NA,1
"9406",27,"9406_27",133,"9406_133_1",1,3,0,0,47,1994-05-22 00:00:00,1994-05-22 02:48:00,3,3,0,1,NA,1
"9406",45,"9406_45",112,"9406_112_2",2,2,0,1,104,1994-05-27 00:00:00,1994-05-27 04:12:00,2,2,0,1,0.666666666666667,0
"9406",46,"9406_46",112,"9406_112_2",2,1,0,0,104,1994-05-27 00:00:00,1994-05-27 04:52:00,2,2,0,1,0.666666666666667,0
"9406",47,"9406_47",110,"9406_110_2",2,1,0,0,115,1994-05-27 00:00:00,1994-05-27 22:00:00,3,3,0,1,1.41666666666667,0
"9406",48,"9406_48",110,"9406_110_2",2,2,0,1,115,1994-05-27 00:00:00,1994-05-27 22:42:00,3,3,0,1,1.41666666666667,0
"9406",49,"9406_49",110,"9406_110_2",2,3,0,0,115,1994-05-27 00:00:00,1994-05-27 23:25:00,3,3,0,1,1.41666666666667,0
"9406",57,"9406_57",125,"9406_125_2",2,1,0,0,132,1994-05-29 00:00:00,NA,3,3,0,1,NA,1
"9406",58,"9406_58",125,"9406_125_2",2,2,0,1,132,1994-05-29 00:00:00,1994-05-29 01:59:00,3,3,0,1,NA,1
"9406",59,"9406_59",125,"9406_125_2",2,3,0,0,132,1994-05-29 00:00:00,1994-05-29 02:59:00,3,3,0,1,NA,1
"9406",65,"9406_65",133,"9406_133_2",2,1,0,0,147,1994-05-30 00:00:00,1994-05-30 01:34:00,2,2,0,1,0.933333333333333,0
"9406",66,"9406_66",133,"9406_133_2",2,2,0,1,147,1994-05-30 00:00:00,1994-05-30 02:30:00,2,2,0,1,0.933333333333333,0
"9406",72,"9406_72",162,"9406_162_2",2,2,0,1,161,1994-05-31 00:00:00,1994-05-31 04:10:00,2,2,0,1,0.633333333333333,0
"9406",73,"9406_73",162,"9406_162_2",2,1,0,0,161,1994-05-31 00:00:00,1994-05-31 04:48:00,2,2,0,1,0.633333333333333,0
"9406",74,"9406_74",170,"9406_170_2",2,1,0,0,172,1994-05-31 00:00:00,1994-05-31 21:16:00,3,3,0,1,NA,1
"9406",75,"9406_75",170,"9406_170_2",2,2,0,1,172,1994-05-31 00:00:00,NA,3,3,0,1,NA,1
"9406",76,"9406_76",170,"9406_170_2",2,3,0,0,172,1994-05-31 00:00:00,1994-05-31 22:44:00,3,3,0,1,NA,1
"9406",109,"9406_109",112,"9406_112_3",3,2,0,1,222,1994-06-12 00:00:00,1994-06-12 03:42:00,2,2,0,1,NA,1
"9406",110,"9406_110",112,"9406_112_3",3,1,0,0,222,1994-06-12 00:00:00,NA,2,2,0,1,NA,1
"9406",111,"9406_111",110,"9406_110_3",3,1,0,0,233,1994-06-12 00:00:00,1994-06-12 21:06:00,3,3,0,1,1.25,0
"9406",112,"9406_112",110,"9406_110_3",3,2,0,1,233,1994-06-12 00:00:00,1994-06-12 21:41:00,3,3,0,1,1.25,0
"9406",113,"9406_113",110,"9406_110_3",3,3,0,0,233,1994-06-12 00:00:00,1994-06-12 22:21:00,3,3,0,1,1.25,0
"9406",121,"9406_121",125,"9406_125_3",3,1,0,0,250,1994-06-14 00:00:00,1994-06-14 01:18:00,2,2,0,1,0.866666666666667,0
"9406",122,"9406_122",125,"9406_125_3",3,2,0,1,250,1994-06-14 00:00:00,1994-06-14 02:10:00,2,2,0,1,0.866666666666667,0
"9406",133,"9406_133",170,"9406_170_3",3,1,0,0,277,1994-06-16 00:00:00,1994-06-16 21:22:00,3,3,0,1,1.3,0
"9406",134,"9406_134",170,"9406_170_3",3,2,0,1,277,1994-06-16 00:00:00,1994-06-16 21:58:00,3,3,0,1,1.3,0
"9406",135,"9406_135",170,"9406_170_3",3,3,0,0,277,1994-06-16 00:00:00,1994-06-16 22:40:00,3,3,0,1,1.3,0
"9506",7,"9506_7",110,"9506_110_1",1,1,2,0,17,1995-05-18 00:00:00,NA,3,3,0,1,NA,1
"9506",8,"9506_8",110,"9506_110_1",1,2,0,1,17,1995-05-18 00:00:00,NA,3,3,0,1,NA,1
"9506",9,"9506_9",110,"9506_110_1",1,3,0,0,17,1995-05-18 00:00:00,NA,3,3,0,1,NA,1
"9506",15,"9506_15",125,"9506_125_1",1,1,0,0,32,1995-05-19 00:00:00,1995-05-19 22:44:00,3,3,0,1,1.35,0
"9506",16,"9506_16",125,"9506_125_1",1,2,0,1,32,1995-05-19 00:00:00,1995-05-19 23:24:00,3,3,0,1,1.35,0
"9506",17,"9506_17",125,"9506_125_1",1,3,0,0,32,1995-05-20 00:00:00,1995-05-20 00:05:00,3,3,0,1,1.35,0
"9506",25,"9506_25",133,"9506_133_1",1,2,0,1,47,1995-05-21 00:00:00,1995-05-21 02:02:00,2,2,0,1,0.666666666666667,0
"9506",26,"9506_26",133,"9506_133_1",1,3,0,0,47,1995-05-21 00:00:00,1995-05-21 02:42:00,2,2,0,1,0.666666666666667,0
"9506",37,"9506_37",170,"9506_170_1",1,1,0,0,75,1995-05-25 00:00:00,1995-05-25 21:07:00,3,3,0,1,1.4,0
"9506",38,"9506_38",170,"9506_170_1",1,2,0,1,75,1995-05-25 00:00:00,1995-05-25 21:42:00,3,3,0,1,1.4,0
"9506",39,"9506_39",170,"9506_170_1",1,3,0,0,75,1995-05-25 00:00:00,1995-05-25 22:31:00,3,3,0,1,1.4,0
"9506",58,"9506_58",112,"9506_112_2",2,2,0,1,103,1995-05-28 00:00:00,1995-05-28 03:29:00,2,2,0,1,0.816666666666667,0
"9506",59,"9506_59",112,"9506_112_2",2,1,0,0,103,1995-05-28 00:00:00,1995-05-28 04:18:00,2,2,0,1,0.816666666666667,0
"9506",60,"9506_60",110,"9506_110_2",2,1,0,0,114,1995-05-28 00:00:00,1995-05-28 20:59:00,3,3,0,1,1.56666666666667,0
"9506",61,"9506_61",110,"9506_110_2",2,2,0,1,114,1995-05-28 00:00:00,1995-05-28 21:41:00,3,3,0,1,1.56666666666667,0
"9506",62,"9506_62",110,"9506_110_2",2,3,0,0,114,1995-05-28 00:00:00,1995-05-28 22:33:00,3,3,0,1,1.56666666666667,0
"9506",68,"9506_68",125,"9506_125_2",2,1,0,0,129,1995-05-29 00:00:00,1995-05-29 22:32:00,3,3,0,1,1.21666666666667,0
"9506",69,"9506_69",125,"9506_125_2",2,2,0,1,129,1995-05-29 00:00:00,1995-05-29 23:07:00,3,3,0,1,1.21666666666667,0
"9506",70,"9506_70",125,"9506_125_2",2,3,0,0,129,1995-05-29 00:00:00,1995-05-29 23:45:00,3,3,0,1,1.21666666666667,0
"9506",77,"9506_77",133,"9506_133_2",2,1,0,0,145,1995-05-31 00:00:00,1995-05-31 00:34:00,3,3,0,1,1.21666666666667,0
"9506",78,"9506_78",133,"9506_133_2",2,2,0,1,145,1995-05-31 00:00:00,1995-05-31 01:09:00,3,3,0,1,1.21666666666667,0
"9506",79,"9506_79",133,"9506_133_2",2,3,0,0,145,1995-05-31 00:00:00,1995-05-31 01:47:00,3,3,0,1,1.21666666666667,0
"9506",137,"9506_137",125,"9506_125_3",3,1,0,0,246,1995-06-10 00:00:00,1995-06-10 22:59:00,3,3,0,1,1.2,0
"9506",138,"9506_138",125,"9506_125_3",3,2,0,1,246,1995-06-10 00:00:00,1995-06-10 23:32:00,3,3,0,1,1.2,0
"9506",139,"9506_139",125,"9506_125_3",3,3,0,0,246,1995-06-11 00:00:00,1995-06-11 00:11:00,3,3,0,1,1.2,0
"9506",146,"9506_146",133,"9506_133_3",3,1,2,0,262,1995-06-12 00:00:00,1995-06-12 01:03:00,3,3,0,1,1.23333333333333,0
"9506",147,"9506_147",133,"9506_133_3",3,2,0,1,262,1995-06-12 00:00:00,1995-06-12 01:36:00,3,3,0,1,1.23333333333333,0
"9506",148,"9506_148",133,"9506_133_3",3,3,0,0,262,1995-06-12 00:00:00,1995-06-12 02:17:00,3,3,0,1,1.23333333333333,0
"9506",154,"9506_154",170,"9506_170_3",3,1,0,0,284,1995-06-13 00:00:00,1995-06-13 21:09:00,3,3,0,1,1.15,0
"9506",155,"9506_155",170,"9506_170_3",3,2,0,1,284,1995-06-13 00:00:00,1995-06-13 21:43:00,3,3,0,1,1.15,0
"9506",156,"9506_156",170,"9506_170_3",3,3,0,0,284,1995-06-13 00:00:00,1995-06-13 22:18:00,3,3,0,1,1.15,0
"9606",7,"9606_7",110,"9606_110_1",1,1,0,0,17,1996-05-18 00:00:00,1996-05-18 21:07:00,3,3,0,1,1.38333333333333,0
"9606",8,"9606_8",110,"9606_110_1",1,2,0,1,17,1996-05-18 00:00:00,1996-05-18 21:47:00,3,3,0,1,1.38333333333333,0
"9606",9,"9606_9",110,"9606_110_1",1,3,0,0,17,1996-05-18 00:00:00,1996-05-18 22:30:00,3,3,0,1,1.38333333333333,0
"9606",23,"9606_23",133,"9606_133_1",1,1,0,0,46,1996-05-21 00:00:00,1996-05-21 01:22:00,3,3,0,1,1.28333333333333,0
"9606",24,"9606_24",133,"9606_133_1",1,2,0,1,46,1996-05-21 00:00:00,1996-05-21 02:03:00,3,3,0,1,1.28333333333333,0
"9606",25,"9606_25",133,"9606_133_1",1,3,0,0,46,1996-05-21 00:00:00,1996-05-21 02:39:00,3,3,0,1,1.28333333333333,0
"9606",44,"9606_44",125,"9606_125_2",2,2,0,1,NA,1996-05-26 00:00:00,1996-05-26 23:22:00,2,2,0,1,0.966666666666667,0
"9606",45,"9606_45",125,"9606_125_2",2,1,0,0,83,1996-05-27 00:00:00,1996-05-27 00:20:00,2,2,0,1,0.966666666666667,0
"9606",54,"9606_54",112,"9606_112_2",2,2,0,1,101,1996-05-28 00:00:00,1996-05-28 03:50:00,2,2,0,1,0.65,0
"9606",55,"9606_55",112,"9606_112_2",2,1,0,0,101,1996-05-28 00:00:00,1996-05-28 04:29:00,2,2,0,1,0.65,0
"9606",56,"9606_56",110,"9606_110_2",2,1,0,0,112,1996-05-28 00:00:00,1996-05-28 21:30:00,3,3,0,1,1.25,0
"9606",57,"9606_57",110,"9606_110_2",2,2,0,1,112,1996-05-28 00:00:00,1996-05-28 22:05:00,3,3,0,1,1.25,0
"9606",58,"9606_58",110,"9606_110_2",2,3,0,0,112,1996-05-28 00:00:00,1996-05-28 22:45:00,3,3,0,1,1.25,0
"9606",71,"9606_71",170,"9606_170_2",2,1,0,0,147,1996-05-31 00:00:00,1996-05-31 21:20:00,2,2,0,2,1.43333333333333,1
"9606",73,"9606_73",170,"9606_170_2",2,3,0,0,147,1996-05-31 00:00:00,1996-05-31 22:46:00,2,2,0,2,1.43333333333333,1
"9606",152,"9606_152",112,"9606_112_3",3,2,0,1,234,1996-06-11 00:00:00,1996-06-11 03:43:00,2,2,0,1,0.6,0
"9606",153,"9606_153",112,"9606_112_3",3,1,0,0,235,1996-06-11 00:00:00,1996-06-11 04:19:00,2,2,0,1,0.6,0
"9606",154,"9606_154",110,"9606_110_3",3,1,0,0,246,1996-06-11 00:00:00,1996-06-11 21:21:00,3,3,0,1,1.35,0
"9606",155,"9606_155",110,"9606_110_3",3,2,0,1,246,1996-06-11 00:00:00,1996-06-11 22:05:00,3,3,0,1,1.35,0
"9606",156,"9606_156",110,"9606_110_3",3,3,0,0,246,1996-06-11 00:00:00,1996-06-11 22:42:00,3,3,0,1,1.35,0
"9606",162,"9606_162",125,"9606_125_3",3,1,0,0,261,1996-06-12 00:00:00,1996-06-12 22:44:00,3,3,0,1,1.46666666666667,0
"9606",163,"9606_163",125,"9606_125_3",3,2,0,1,261,1996-06-12 00:00:00,1996-06-12 23:25:00,3,3,0,1,1.46666666666667,0
"9606",164,"9606_164",125,"9606_125_3",3,3,0,0,261,1996-06-13 00:00:00,1996-06-13 00:12:00,3,3,0,1,1.46666666666667,0
"9707",5,"9707_5",112,"9707_112_1",1,2,0,1,7,1997-05-15 00:00:00,NA,2,2,0,1,NA,1
"9707",6,"9707_6",112,"9707_112_1",1,1,0,0,7,1997-05-15 00:00:00,NA,2,2,0,1,NA,1
"9707",8,"9707_8",110,"9707_110_1",1,1,0,0,17,1997-05-15 00:00:00,1997-05-15 21:07:00,2,2,0,1,0.616666666666667,0
"9707",9,"9707_9",110,"9707_110_1",1,2,0,1,17,1997-05-15 00:00:00,1997-05-15 21:44:00,2,2,0,1,0.616666666666667,0
"9707",16,"9707_16",125,"9707_125_1",1,2,0,1,33,1997-05-17 00:00:00,1997-05-17 01:05:00,2,2,0,1,0.666666666666667,0
"9707",17,"9707_17",125,"9707_125_1",1,3,0,0,33,1997-05-17 00:00:00,1997-05-17 01:45:00,2,2,0,1,0.666666666666667,0
"9707",18,"9707_18",126,"9707_126_1",1,2,0,1,34,1997-05-17 00:00:00,1997-05-17 03:17:00,2,2,0,1,0.716666666666667,0
"9707",19,"9707_19",126,"9707_126_1",1,3,0,0,34,1997-05-17 00:00:00,1997-05-17 04:00:00,2,2,0,1,0.716666666666667,0
"9707",22,"9707_22",133,"9707_133_1",1,1,0,0,46,1997-05-18 00:00:00,1997-05-18 00:17:00,2,2,0,1,0.766666666666667,0
"9707",23,"9707_23",133,"9707_133_1",1,2,0,1,46,1997-05-18 00:00:00,1997-05-18 01:03:00,2,2,0,1,0.766666666666667,0
"9707",24,"9707_24",134,"9707_134_1",1,1,0,0,47,1997-05-18 00:00:00,1997-05-18 02:30:00,3,3,0,1,1.2,0
"9707",25,"9707_25",134,"9707_134_1",1,2,0,1,47,1997-05-18 00:00:00,1997-05-18 03:05:00,3,3,0,1,1.2,0
"9707",26,"9707_26",134,"9707_134_1",1,3,0,0,47,1997-05-18 00:00:00,1997-05-18 03:42:00,3,3,0,1,1.2,0
"9707",32,"9707_32",170,"9707_170_1",1,1,0,0,69,1997-05-19 00:00:00,1997-05-19 21:02:00,3,3,0,1,1.98333333333333,0
"9707",33,"9707_33",170,"9707_170_1",1,2,0,1,69,1997-05-19 00:00:00,1997-05-19 21:55:00,3,3,0,1,1.98333333333333,0
"9707",34,"9707_34",170,"9707_170_1",1,3,0,0,69,1997-05-19 00:00:00,1997-05-19 23:01:00,3,3,0,1,1.98333333333333,0
"9707",51,"9707_51",110,"9707_110_2",2,1,0,0,89,1997-05-22 00:00:00,1997-05-22 21:05:00,3,3,0,1,1.38333333333333,0
"9707",52,"9707_52",110,"9707_110_2",2,2,0,1,89,1997-05-22 00:00:00,1997-05-22 21:41:00,3,3,0,1,1.38333333333333,0
"9707",53,"9707_53",110,"9707_110_2",2,3,0,0,89,1997-05-22 00:00:00,1997-05-22 22:28:00,3,3,0,1,1.38333333333333,0
"9707",60,"9707_60",125,"9707_125_2",2,1,0,0,105,1997-05-23 00:00:00,1997-05-23 23:38:00,3,3,0,1,1.18333333333333,0
"9707",61,"9707_61",125,"9707_125_2",2,2,0,1,105,1997-05-24 00:00:00,1997-05-24 00:11:00,3,3,0,1,1.18333333333333,0
"9707",62,"9707_62",125,"9707_125_2",2,3,0,0,105,1997-05-24 00:00:00,1997-05-24 00:49:00,3,3,0,1,1.18333333333333,0
"9707",63,"9707_63",126,"9707_126_2",2,1,0,0,106,1997-05-24 00:00:00,1997-05-24 02:12:00,3,3,0,1,1.16666666666667,0
"9707",64,"9707_64",126,"9707_126_2",2,2,0,1,106,1997-05-24 00:00:00,1997-05-24 02:47:00,3,3,0,1,1.16666666666667,0
"9707",65,"9707_65",126,"9707_126_2",2,3,0,0,106,1997-05-24 00:00:00,1997-05-24 03:22:00,3,3,0,1,1.16666666666667,0
"9707",68,"9707_68",133,"9707_133_2",2,1,0,0,118,1997-05-25 00:00:00,1997-05-25 00:25:00,3,3,0,1,1.46666666666667,0
"9707",69,"9707_69",133,"9707_133_2",2,2,0,1,118,1997-05-25 00:00:00,1997-05-25 01:08:00,3,3,0,1,1.46666666666667,0
"9707",70,"9707_70",133,"9707_133_2",2,3,0,0,118,1997-05-25 00:00:00,1997-05-25 01:53:00,3,3,0,1,1.46666666666667,0
"9707",71,"9707_71",134,"9707_134_2",2,1,0,0,119,1997-05-25 00:00:00,1997-05-25 03:42:00,2,2,0,1,0.55,0
"9707",72,"9707_72",134,"9707_134_2",2,2,0,1,119,1997-05-25 00:00:00,1997-05-25 04:15:00,2,2,0,1,0.55,0
"9707",78,"9707_78",170,"9707_170_2",2,1,0,0,140,1997-05-26 00:00:00,1997-05-26 21:16:00,2,2,0,1,0.616666666666667,0
"9707",79,"9707_79",170,"9707_170_2",2,2,0,1,140,1997-05-26 00:00:00,1997-05-26 21:53:00,2,2,0,1,0.616666666666667,0
"9707",191,"9707_191",110,"9707_110_3",3,1,0,0,212,1997-06-09 00:00:00,1997-06-09 21:18:00,3,3,0,1,1.21666666666667,0
"9707",192,"9707_192",110,"9707_110_3",3,2,0,1,212,1997-06-09 00:00:00,1997-06-09 21:52:00,3,3,0,1,1.21666666666667,0
"9707",193,"9707_193",110,"9707_110_3",3,3,0,0,212,1997-06-09 00:00:00,1997-06-09 22:31:00,3,3,0,1,1.21666666666667,0
"9707",200,"9707_200",125,"9707_125_3",3,1,0,0,227,1997-06-11 00:00:00,1997-06-11 00:24:00,3,3,0,1,1.18333333333333,0
"9707",201,"9707_201",125,"9707_125_3",3,2,0,1,227,1997-06-11 00:00:00,1997-06-11 00:58:00,3,3,0,1,1.18333333333333,0
"9707",202,"9707_202",125,"9707_125_3",3,3,0,0,227,1997-06-11 00:00:00,1997-06-11 01:35:00,3,3,0,1,1.18333333333333,0
"9707",203,"9707_203",126,"9707_126_3",3,1,0,0,228,1997-06-11 00:00:00,1997-06-11 03:09:00,2,2,0,1,0.683333333333333,0
"9707",204,"9707_204",126,"9707_126_3",3,2,0,1,228,1997-06-11 00:00:00,1997-06-11 03:50:00,2,2,0,1,0.683333333333333,0
"9707",208,"9707_208",133,"9707_133_3",3,1,0,0,240,1997-06-12 00:00:00,1997-06-12 00:16:00,3,3,0,1,1.23333333333333,0
"9707",209,"9707_209",133,"9707_133_3",3,2,0,1,240,1997-06-12 00:00:00,1997-06-12 00:53:00,3,3,0,1,1.23333333333333,0
"9707",210,"9707_210",133,"9707_133_3",3,3,0,0,240,1997-06-12 00:00:00,1997-06-12 01:30:00,3,3,0,1,1.23333333333333,0
"9707",211,"9707_211",134,"9707_134_3",3,1,0,0,241,1997-06-12 00:00:00,1997-06-12 03:01:00,3,3,0,1,1.36666666666667,0
"9707",212,"9707_212",134,"9707_134_3",3,2,0,1,241,1997-06-12 00:00:00,1997-06-12 03:40:00,3,3,0,1,1.36666666666667,0
"9707",213,"9707_213",134,"9707_134_3",3,3,0,0,241,1997-06-12 00:00:00,1997-06-12 04:23:00,3,3,0,1,1.36666666666667,0
"9707",219,"9707_219",170,"9707_170_3",3,1,0,0,263,1997-06-14 00:00:00,1997-06-14 21:22:00,3,3,0,1,1.18333333333333,0
"9707",220,"9707_220",170,"9707_170_3",3,2,0,1,263,1997-06-14 00:00:00,1997-06-14 21:55:00,3,3,0,1,1.18333333333333,0
"9707",221,"9707_221",170,"9707_170_3",3,3,0,0,263,1997-06-14 00:00:00,1997-06-14 22:33:00,3,3,0,1,1.18333333333333,0
"9807",49,"9807_49",112,"9807_112_1",1,2,0,1,37,1998-05-08 00:00:00,NA,2,2,0,1,NA,1
"9807",50,"9807_50",112,"9807_112_1",1,1,0,0,37,1998-05-08 00:00:00,1998-05-08 03:52:00,2,2,0,1,NA,1
"9807",52,"9807_52",110,"9807_110_1",1,1,0,0,45,1998-05-08 00:00:00,1998-05-08 20:57:00,3,3,0,1,1.25,0
"9807",53,"9807_53",110,"9807_110_1",1,2,0,1,45,1998-05-08 00:00:00,1998-05-08 21:30:00,3,3,0,1,1.25,0
"9807",54,"9807_54",110,"9807_110_1",1,3,0,0,45,1998-05-08 00:00:00,1998-05-08 22:12:00,3,3,0,1,1.25,0
"9807",62,"9807_62",125,"9807_125_1",1,1,0,0,59,1998-05-10 00:00:00,1998-05-10 00:29:00,3,3,0,1,1.21666666666667,0
"9807",63,"9807_63",125,"9807_125_1",1,2,0,1,59,1998-05-10 00:00:00,1998-05-10 01:04:00,3,3,0,1,1.21666666666667,0
"9807",64,"9807_64",125,"9807_125_1",1,3,0,0,59,1998-05-10 00:00:00,1998-05-10 01:42:00,3,3,0,1,1.21666666666667,0
"9807",65,"9807_65",126,"9807_126_1",1,2,0,1,60,1998-05-10 00:00:00,1998-05-10 03:46:00,2,2,0,1,0.733333333333333,0
"9807",66,"9807_66",126,"9807_126_1",1,3,0,0,60,1998-05-10 00:00:00,1998-05-10 04:30:00,2,2,0,1,0.733333333333333,0
"9807",72,"9807_72",134,"9807_134_1",1,2,0,1,73,1998-05-11 00:00:00,1998-05-11 03:37:00,2,2,0,1,0.65,0
"9807",73,"9807_73",134,"9807_134_1",1,3,0,0,73,1998-05-11 00:00:00,1998-05-11 04:16:00,2,2,0,1,0.65,0
"9807",76,"9807_76",154,"9807_154_1",1,2,0,1,83,1998-05-11 00:00:00,1998-05-11 22:20:00,2,3,1,16,52.7666666666667,1
"9807",81,"9807_81",170,"9807_170_1",1,1,0,0,95,1998-05-12 00:00:00,1998-05-12 20:55:00,3,3,0,1,1.31666666666667,0
"9807",82,"9807_82",170,"9807_170_1",1,2,0,1,95,1998-05-12 00:00:00,1998-05-12 21:33:00,3,3,0,1,1.31666666666667,0
"9807",83,"9807_83",170,"9807_170_1",1,3,0,0,95,1998-05-12 00:00:00,1998-05-12 22:14:00,3,3,0,1,1.31666666666667,0
"9807",92,"9807_92",154,"9807_154_1",1,2,0,1,NA,1998-05-14 00:00:00,1998-05-14 02:10:00,2,3,1,16,52.7666666666667,1
"9807",93,"9807_93",154,"9807_154_1",1,3,0,0,NA,1998-05-14 00:00:00,1998-05-14 03:06:00,2,3,1,16,52.7666666666667,1
"9807",105,"9807_105",110,"9807_110_2",2,1,0,0,120,1998-05-15 00:00:00,1998-05-15 21:04:00,3,3,0,1,1.28333333333333,0
"9807",106,"9807_106",110,"9807_110_2",2,2,0,1,120,1998-05-15 00:00:00,1998-05-15 21:38:00,3,3,0,1,1.28333333333333,0
"9807",107,"9807_107",110,"9807_110_2",2,3,0,0,120,1998-05-15 00:00:00,1998-05-15 22:21:00,3,3,0,1,1.28333333333333,0
"9807",117,"9807_117",126,"9807_126_2",2,2,0,1,136,1998-05-17 00:00:00,1998-05-17 02:51:00,2,2,0,1,0.683333333333333,0
"9807",118,"9807_118",126,"9807_126_2",2,3,0,0,136,1998-05-17 00:00:00,1998-05-17 03:32:00,2,2,0,1,0.683333333333333,0
"9807",128,"9807_128",170,"9807_170_2",2,1,0,0,167,1998-05-19 00:00:00,1998-05-19 21:02:00,3,3,0,1,1.25,0
"9807",129,"9807_129",170,"9807_170_2",2,2,0,1,167,1998-05-19 00:00:00,1998-05-19 21:39:00,3,3,0,1,1.25,0
"9807",130,"9807_130",170,"9807_170_2",2,3,0,0,167,1998-05-19 00:00:00,1998-05-19 22:17:00,3,3,0,1,1.25,0
"9807",148,"9807_148",112,"9807_112_3",3,2,0,1,184,1998-05-25 00:00:00,1998-05-25 03:04:00,2,2,0,1,0.833333333333333,0
"9807",149,"9807_149",112,"9807_112_3",3,1,0,0,184,1998-05-25 00:00:00,1998-05-25 03:54:00,2,2,0,1,0.833333333333333,0
"9807",151,"9807_151",110,"9807_110_3",3,1,0,0,194,1998-05-25 00:00:00,1998-05-25 21:12:00,3,3,0,1,1.25,0
"9807",152,"9807_152",110,"9807_110_3",3,2,0,1,194,1998-05-25 00:00:00,1998-05-25 21:45:00,3,3,0,1,1.25,0
"9807",153,"9807_153",110,"9807_110_3",3,3,0,0,194,1998-05-25 00:00:00,1998-05-25 22:27:00,3,3,0,1,1.25,0
"9807",161,"9807_161",125,"9807_125_3",3,1,0,0,209,1998-05-27 00:00:00,1998-05-27 00:24:00,3,3,0,1,1.11666666666667,0
"9807",162,"9807_162",125,"9807_125_3",3,2,0,1,209,1998-05-27 00:00:00,1998-05-27 00:55:00,3,3,0,1,1.11666666666667,0
"9807",163,"9807_163",125,"9807_125_3",3,3,0,0,209,1998-05-27 00:00:00,1998-05-27 01:31:00,3,3,0,1,1.11666666666667,0
"9807",168,"9807_168",133,"9807_133_3",3,1,0,0,222,1998-05-28 00:00:00,1998-05-28 00:19:00,3,3,0,1,1.46666666666667,0
"9807",169,"9807_169",133,"9807_133_3",3,2,0,1,222,1998-05-28 00:00:00,1998-05-28 01:01:00,3,3,0,1,1.46666666666667,0
"9807",170,"9807_170",133,"9807_133_3",3,3,0,0,222,1998-05-28 00:00:00,1998-05-28 01:47:00,3,3,0,1,1.46666666666667,0
"9807",177,"9807_177",170,"9807_170_3",3,1,0,0,244,1998-05-29 00:00:00,1998-05-29 21:15:00,3,3,0,1,1.25,0
"9807",178,"9807_178",170,"9807_170_3",3,2,0,1,244,1998-05-29 00:00:00,1998-05-29 21:49:00,3,3,0,1,1.25,0
"9807",179,"9807_179",170,"9807_170_3",3,3,0,0,244,1998-05-29 00:00:00,1998-05-29 22:30:00,3,3,0,1,1.25,0
"9903",38,"9903_38",112,"9903_112_2",2,2,0,1,79,1999-05-18 00:00:00,1999-05-18 03:29:00,2,2,0,1,0.65,0
"9903",39,"9903_39",112,"9903_112_2",2,1,0,0,79,1999-05-18 00:00:00,1999-05-18 04:08:00,2,2,0,1,0.65,0
"9903",44,"9903_44",118,"9903_118_2",2,2,0,1,93,1999-05-19 00:00:00,1999-05-19 03:06:00,3,3,0,1,1.5,0
"9903",45,"9903_45",118,"9903_118_2",2,3,0,0,93,1999-05-19 00:00:00,1999-05-19 03:44:00,3,3,0,1,1.5,0
"9903",46,"9903_46",118,"9903_118_2",2,1,0,0,93,1999-05-19 00:00:00,1999-05-19 04:36:00,3,3,0,1,1.5,0
"9903",61,"9903_61",170,"9903_170_2",2,1,0,0,140,1999-05-22 00:00:00,1999-05-22 21:41:00,2,2,0,1,0.616666666666667,0
"9903",62,"9903_62",170,"9903_170_2",2,2,0,1,140,1999-05-22 00:00:00,1999-05-22 22:18:00,2,2,0,1,0.616666666666667,0
"9903",84,"9903_84",112,"9903_112_3",3,2,0,1,167,1999-05-29 00:00:00,1999-05-29 03:27:00,2,2,0,1,0.716666666666667,0
"9903",85,"9903_85",112,"9903_112_3",3,1,0,0,167,1999-05-29 00:00:00,1999-05-29 04:10:00,2,2,0,1,0.716666666666667,0
"9903",90,"9903_90",118,"9903_118_3",3,2,0,1,182,1999-05-30 00:00:00,1999-05-30 03:04:00,3,3,0,1,1.23333333333333,0
"9903",91,"9903_91",118,"9903_118_3",3,1,0,0,182,1999-05-30 00:00:00,1999-05-30 03:42:00,3,3,0,1,1.23333333333333,0
"9903",92,"9903_92",118,"9903_118_3",3,3,0,0,182,1999-05-30 00:00:00,1999-05-30 04:18:00,3,3,0,1,1.23333333333333,0
